{"Code": "LKA-NEPro-2022-EN", "Status": "Completed", "Country Name": "Sri Lanka", "Country Code": "LKA", "Category": "NEPro", "KeyWord to Search": null, "Document Title": "ENERGY PROFILE Sri Lanka", "Exists?": "Y", "Publication Date": "24th August, 2022", "Publication Year": "24th August, 2022", "Start Year": "2014", "End Year": "2022", "Language": "EN", "Link": "https://www.irena.org/-/media/Files/IRENA/Agency/Statistics/Statistical_Profiles/Asia/Sri-Lanka_Asia_RE_SP.pdf?country=Sri+Lanka&regionID=&countryID=20803cdd-b6f6-4534-90bc-79efa88a7ef9", "Content": "File Name: LKA-NEPro-2022-EN\nYear: 2022\nCountry Name: Sri Lanka\nCountry Code: LKA\nCategory: NEPro\nDocument Title: ENERGY PROFILE Sri Lanka\nExists?: Y\nPublication Date: 24th August, 2022\nStart Year: 2014\nEnd Year: 2022\nLanguage: EN\n------------------------------------------------\n\nTotal Energy Supply (TES) 2014 2019\nNon-renewable (TJ) 228 785 277 781\nRenewable (TJ) 184 514 180 178\nTotal (TJ) 413 299 457 959\nRenewable share (%) 45 39\nGrowth in TES 2014-19 2018-19\nNon-renewable (%) +21.4 +3.7\nRenewable (%) -2.4 +5.1\nTotal (%) +10.8 +4.3\nPrimary energy trade 2014 2019\nImports (TJ) 246 184 328 741\nExports (TJ) 922 1 663\nNet trade (TJ) - 245 262 - 327 078\nImports (% of supply) 60 72\nExports (% of production) 1 1\nEnergy self-sufficiency (%) 45 39\nCOUNTRY INDICATORS AND SDGS\nTOTAL ENERGY SUPPLY (TES)\nTotal energy supply in 2019\nRenewable energy supply in 2019\nSri Lanka\n46%\n14%\n39%\nOil\nGas\nNuclear\nCoal + others\nRenewables\n10%\n1% 1%\n89%\nHydro/marine\nWind\nSolar\nBioenergy\nGeothermal\n100%\n32%\n50%\n0%\n20%\n40%\n60%\n80%\n100%\n2014 2015 2016 2017 2018 2019 2020\n7.1.1 Access to electricity (% population)\n7.1.2 Access to clean cooking (% population)\n7.2.1 Renewable energy (% TFEC)\n26.4\n25.1\n26.2\n24.5\n25.9 26.7\n0\n5\n10\n15\n20\n25\n30\n2014 2015 2016 2017 2018 2019\nPM2.5\n(\u03bcm/m3\n)\nUrban Average Rural WHO safe\n11.6.2 Air particulate matter (PM2.5)\n12.9\n-4%\n 11\n 11\n 12\n 12\n 13\n 13\n 14\n-5%\n-4%\n-3%\n-2%\n-1%\n0%\n1%\n2%\n3%\n4%\n5%\nUSD'000s 2017 PPP\nGDP per capita 8.1.1 Real GDP growth rate\n0\n0.0\n 50\n 100\n 150\n 200\n 250\n2014 2015 2016 2017 2018 2019\nUSD millions 2019\n7.a.1 Public flows to renewables\n7.3.1 Energy intensity\n1.8\n1.7\n1.7\n1.8\n1.8\n1.9\n1.9\n2.0\n2.0\n2014 2015 2016 2017 2018 2019\nMJ/USD GDP 2017 PPP\n7.b.1 Per capita renewable capacity\n109.8\n0.0\n 20\n 40\n 60\n 80\n 100\n 120\n2014 2015 2016 2017 2018 2019 2020\nW/ personn.a.\nConsumption by sector 2014 2019\nIndustry (TJ) 63 881 72 265\nTransport (TJ) 0 0\nHouseholds (TJ) 111 444 99 135\nOther (TJ) 5 809 4 977\nNon-renewable 2 173 46\nRenewable 2 545 54\n Hydro/marine 1 799 38\n Solar 434 9\n Wind 253 5\n Bioenergy 59 1\n Geothermal 0 0\nTotal 4 718 100\nCapacity change (%) 2016-21 2020-21\nNon-renewable + 5 + 0.2\nRenewable + 30 + 5.9\n Hydro/marine + 4 0.0\n Solar + 594 + 17.1\n Wind + 92 + 41.1\n Bioenergy + 97 + 9.2\n Geothermal 0 0.0\nTotal + 17 + 3.2\nGeothermal\nCapacity utilisation in 2020 (%)\nRenewable TFEC trend Renewable energy consumption in 2019\n 0\nNet capacity change (GW)\nNet capacity change in 2021 (MW)\nELECTRICITY CAPACITY\n+ 5\nHydro and marine\nSolar\n+ 63\nBioenergy\n+ 5\nWind\n+ 74\n 0\nRenewable capacity in 2021\nNon-renewable\nInstalled capacity trend\n41%\n56%\n3%\nIndustry\nTransport\nHouseholds\nOther\n0.0\n0.0\n0.0\n0.1\n0.0\n0.0\n0.1\n0.1\n0.1 0.1 0.1\n0.1\n-0.1\n0.0\n0.1\n0.1\n0.2\n0.2\n2016 2017 2018 2019 2020 2021\nFossil fuels Renewable\n12%\n25%\n15%\n31%\n52%\n0 20 40 60 80 100\nGeothermal\nBioenergy\nWind\nSolar\nHydro/Marine\nNuclear\nFossil fuels\n71%\n17%\n10%\n2%\nHydro/marine\nSolar\nWind\nBioenergy\nGeothermal\n181 172 167 173 168 176\n 0\n 50\n 100\n 150\n 200\n2014 2015 2016 2017 2018 2019\nPetajoules (PJ)\nElectricity Commercial heat Bioenergy Geothermal Solar direct\n4.1 4.0 4.0 4.1 4.2\n4.5 4.6 4.7\n54%\n0%\n20%\n40%\n60%\n80%\n100%\n 0\n 1\n 1\n 2\n 2\n 3\n 3\n 4\n 4\n 5\n 5\n2014 2015 2016 2017 2018 2019 2020 2021\nRenewable share (%)\nGigawatts (GW)\nFossil fuels Nuclear Other Non-RE\nHydro/marine Wind Solar\nBioenergy Geothermal Renewable share\n10%\n90%Generation in 2020 GWh %\nNon-renewable 9 973 63\nRenewable 5 788 37\n Hydro and marine 4 958 31\n Solar 442 3\n Wind 332 2\n Bioenergy 57 0\n Geothermal 0 0\nTotal 15 761 100\n1 2013\n2\n3\n4\n5\nAvoided emissions based on fossil fuel mix used for power Calculated by dividing power sector emissions by elec. + heat gen.\nLATEST POLICIES, PROGRAMMES AND LEGISLATION\nElectricity generation trend\nENERGY AND EMISSIONS\nEnergy-related CO2 emissions by sector Elec. & heat generation CO2 emissions in\nPer capita electricity generation (kWh)\nEnergy Performance Standards of Appliances (Ceiling Fans) Regulations No. 1 of 2012\nENERGY AND EMISSIONS\nAvoided emissions from renewable elec. & heat CO2 emission factor for elec. & heat generation \n 0\n 200\n 400\n 600\n 800\n2015 2016 2017 2018 2019 2020\nTotal Renewable\n0.0\n 5\n 10\n 15\n 20\n 25\n 30\n2015 2016 2017 2018 2019 2020\nMt CO2 Emissions\nElec. & heat Other Industrial Transport Other Buildings\n62%\n0%\n38%\nCoal + others\nGas\nOil\n0.0\n 2\n 4\n 6\n 8\n 10\n 12\n 14\n 16\n 18\n2015 2016 2017 2018 2019 2020\nMt CO2 Emissions\nEmitted CO2 RE Avoided CO2\n+10%\n517\n645\n0.0\n 100\n 200\n 300\n 400\n 500\n 600\n 700\n 800\n2015 2016 2017 2018 2019 2020\ntCO2 /GWh\nLKA Asia World\n13\n14 15\n15 16 16\n37%\n0%\n20%\n40%\n60%\n80%\n100%\n 0\n 2\n 4\n 6\n 8\n 10\n 12\n 14\n 16\n 18\n2015 2016 2017 2018 2019 2020\nRenewable share (%)\nGigawatt-hours (GWh)\nFossil fuels Nuclear Other Non-RE\nHydro/marine Wind Solar\nBioenergy Geothermal Renewable shareWorld World Sri Lanka\nBiomass potential: net primary production Indicators of renewable resource potential\n Sri Lanka\nDistribution of solar potential Distribution of wind potential\n0%\n20%\n40%\n60%\n80%\n100%\nProportion of land area\n<260 260-420 420-560 560-670 670-820 820-1060 >1060\nWind power density at 100m height (W/m2)\n200\n0\n1\n2\n3\n4\n5 6\n7\n8\n9\n10\n11\n0%\n20%\n40%\n60%\n80%\n100%\nProportion of land area\n<1.2 1.2 - 1.4 1.4 - 1.6 1.6 - 1.8 1.8 - 1.9 1.9 - 2.0 >2.0\nAnnual generation per unit of installed PV capacity (MWh/kWp)\n3.5\ntC/ha/yr\nSolar PV: Solar resource potential has been divided into seven classes, \neach representing a range of annual PV output per unit of capacity \n(kWh/kWp/yr). The bar chart shows the proportion of a country's land \narea in each of these classes and the global distribution of land area \nacross the classes (for comparison).\nOnshore wind: Potential wind power density (W/m2) is shown in the \nseven classes used by NREL, measured at a height of 100m. The bar chart \nshows the distribution of the country's land area in each of these classes \ncompared to the global distribution of wind resources. Areas in the third \nclass or above are considered to be a good wind resource.\nBiomass: Net primary production (NPP) is the amount of carbon fixed by \nplants and accumulated as biomass each year. It is a basic measure of \nbiomass productivity. The chart shows the average NPP in the country \n(tC/ha/yr), compared to the global average NPP of 3-4 tonnes of carbon \n= Global average of 3-4 tC/ha/yr\nIRENA Headquarters\nMasdar City\nP.O. Box 236, Abu Dhabi\nUnited Arab Emirates\nwww.irena.org\nSources: IRENA statistics, plus data from the following sources: UN SDG Database \n(original sources: WHO; World Bank; IEA; IRENA; and UNSD); UN World Population \nProspects; UNSD Energy Balances; UN COMTRADE; World Bank World Development \nIndicators; EDGAR; REN21 Global Status Report; IEA-IRENA Joint Policies and \nMeasures Database; IRENA Global Atlas; and World Bank Global Solar Atlas and Global \nWind Atlas.\nAdditional notes: Capacity per capita and public investments SDGs only apply to \ndeveloping areas. Energy self-sufficiency has been defined as total primary energy \nproduction divided by total primary energy supply. Energy trade includes all \ncommodities in Chapter 27 of the Harmonised System (HS). Capacity utilisation is \ncalculated as annual generation divided by year-end capacity x 8,760h/year. Avoided \nemissions from renewable power is calculated as renewable generation divided by \nfossil fuel generation multiplied by reported emissions from the power sector. This \nassumes that, if renewable power did not exist, fossil fuels would be used in its place \nto generate the same amount of power and using the same mix of fossil fuels. In \ncountries and years where no fossil fuel generation occurs, an average fossil fuel \nemission factor has been used to calculate the avoided emissions.\nThese profiles have been produced to provide an overview of developments in \nrenewable energy in different countries and areas. The IRENA statistics team would \nwelcome comments and feedback on its structure and content, which can be sent to \nstatistics@irena.org. \nLast updated on: 24th August, 2022 "}