{"Code": "LKA-NEP-2008-EN", "Status": "Completed", "Country Name": "Sri Lanka", "Country Code": "LKA", "Category": "NEP", "KeyWord to Search": null, "Document Title": "NATIONAL ENERGY POLICY & STRATEGIES OF SRI LANKA", "Exists?": "Y", "Publication Date": "2008", "Publication Year": "2008", "Start Year": "2008", "End Year": "2017", "Language": "EN", "Link": "https://policy.asiapacificenergy.org/sites/default/files/National%20Energy%20Policy%20and%20Strategies%20of%20Sri%20Lanka.pdf", "Content": "File Name: LKA-NEP-2008-EN\nYear: 2008\nCountry Name: Sri Lanka\nCountry Code: LKA\nCategory: NEP\nDocument Title: NATIONAL ENERGY POLICY & STRATEGIES OF SRI LANKA\nExists?: Y\nPublication Date: 2008\nStart Year: 2008\nEnd Year: 2017\nLanguage: EN\n------------------------------------------------\n\n\n#1 INTRODUCTION\n1.1 Energy Supply\nEnergy supply in Sri Lanka is mainly based on three primary resources, namely, biomass, petroleum and\nhydroelectricity. In 2004, hydro-electricity production in the country accounted for 706.9 kTOE (thousand tonnes of oil\nequivalent) while the biomass-based energy supply was 4,494.4 kTOE. Approximately 4,304.2 kTOE was provided by imported\ncrude oil and finished petroleum products such as diesel and liquefied petroleum gas (LPG). Additionally, the non-conventional\nresources (mainly wind) provided 3.5 kTOE of primary energy, giving an aggregate primary energy supply of approximately\n9,509.1 kTOE. The 2004 primary energy contributions to national energy supply were 47.3% from biomass, 45.3% from crude\noil and petroleum products and 7.4% from hydroelectricity. The use of non-conventional energy resources in Sri Lanka is of\na relatively smaller scale and therefore its contribution is presently of low significance in the macro energy picture.\n1.2 Energy Demand Growth\nWith the increasing demand for energy to provide for the country\u2019s economic and social development, total primary\nenergy demand is expected to increase to about 15,000 kTOE by the year 2020 at an average annual growth rate of about 3%.\nElectricity and petroleum sub-sectors are likely to record higher annual growth rates of about 7-8%. Hydro electricity\nproduction and biomass-based energy supplies, which are the only large-scale indigenous primary energy resources available\nin Sri Lanka, are expected to increase only marginally in the near future. This is mainly due to limitations in further hydropower\ndevelopment owing to lower economic viability of exploiting the remaining large hydropower sites and limited use of biomass\nwith gradually increasing standard of living of the population. This means that the country\u2019s incremental primary energy\nrequirements need to be supplied mainly by imported fossil fuels in the medium term. In the longer term, possible development\nof indigenous petroleum resources and accelerated development of non-conventional renewable energy are likely to make a\nsignificant change in Sri Lanka\u2019s mix of primary energy resources.\n1.3 Energy Sector Governance\nElectricity and petroleum are the two main commercial energy supply sub-sectors in Sri Lanka. Both these sub\u0002sectors, which are largely served by state-owned utilities, are presently undergoing process of reforms.\nBiomass and wind are also emerging as significant forms of commercial energy.\nThe electricity supply industry is dominated by state sector institutions, namely the Ceylon Electricity Board (CEB)\nand Lanka Electricity Company (Pvt.) Ltd. (LECO). CEB is expected to be unbundled vertically and horizontally to form one\ngeneration company, a single transmission and bulk-power trading company and several distribution companies. A\nregulatory structure in the form of the Public Utilities Commission of Sri Lanka (PUCSL) is already in place, for all physical\ninfrastructure sectors, inclusive of the electricity and petroleum industries.\nAlthough the PUCSL has been already set up under the provisions of the Public Utilities Commission of\nSri Lanka Act No. 35 of 2002 to regulate the physical infrastructure sectors, it will be empowered to execute regulation only\nwhen the individual industry legislations are enacted and made effective. At present, only the electricity industry, the water\nservice industry and petroleum industry are listed in the PUCSL Act.\nLPG industry is owned by the private sector except for the contribution of about 15% of to the total LPG supply by\nthe state-owned Ceylon Petroleum Corporation (CEYPETCO), which is the only player at present in the petroleum refining\nbusiness. CEYPETCO is already competing with Lanka Indian Oil Company (Lanka IOC) in petroleum distribution. A third\nplayer could also join petroleum distribution, but this has been temporarily suspended by the Government due to the lack of\nanticipated benefits to the country and its consumers through the liberalization and part privatization of the downstream\npetroleum sub-sector. PUCSL, which will be the future petroleum sub-sector regulator, will have the authority to decide on the\nfuture structure of the petroleum sub sector.\nBiomass still remains a sub-sector not formally organised unlike the electricity and petroleum sub-sectors. With new\ndevelopments where contribution of biomass as a primary resource of energy for electricity generation could become\nsubstantial, the biomass sub-sector would also become more organised.\nThe \u201cNational Energy Policy and Strategies of Sri Lanka\u201d is elaborated in three sections in this policy document.\n* \u201cEnergy Policy Elements\u201d consists of the fundamental principles that guide the development and future direction\nof Sri Lanka\u2019s Energy Sector.\n* \u201cImplementing Strategies\u201d states the implementation framework to achieve each policy element.\n* \u201cSpecific Targets, Milestones and Institutional Responsibilities\u201d state the national targets, and the planning\nand institutional responsibilities to implement the strategies.\nThis National Energy Policy and Strategies of Sri Lanka shall be reviewed and revised after a period of three years.\n\n#2 ENERGY POLICY ELEMENTS\n2.1 Providing Basic Energy Needs\n* Energy requirements to fulfil the basic needs of the people and to enhance their living standards and\nopportunities for gainful economic activity will be adequately and continually satisfied at the lowest possible\ncost to the economy.\nCreating the necessary framework to provide the basic energy needs of the population is recognised as a\nprimary social responsibility of the state. Further, the importance of maintaining the adequacy and the continuity\nof energy supplies at the lowest cost to the economy to satisfy the increasing energy requirement of the\npopulation, arising from the country\u2019s economic development, is also recognised by the state.\n2.2 Ensuring Energy Secutiry\n* Energy resources used in the country will be diversified and the future energy mix will be rationalized.\nThe primary and secondary energy resources used in the country will be diversified to maximise the country\u2019s\nenergy security. To ensure the continuity of supply, the future energy mix will be rationalized, considering\nimportant factors such as the economic cost, environmental impacts (including those on existing hydropower\nproject catchment areas), reliability of supplies, convenience to consumers and strategic independence.\n2.3 Promoting Energy Efficiency and Conservation\n* Energy supply systems will be efficiently managed and operated while also ensuring efficient utilisation and\nconservation of energy.\nEfficient management and operation of the energy sector utilities are vital to ensure minimum cost of supply to\nconsumers. Efficient utilisation of energy by all concerned, from utilities (supply-side management) to final\nconsumers (demand-side management) not only saves valuable resources of the country but also reduces the\noverall cost of energy to the consumer. Meaningful conservation of energy will be pursued at all times.\n\n2.4 Promoting Indigenous Resources\n* Indigenous energy resources will be developed to the optimum levels to minimise dependence on non-indigenous\nresources, subject to resolving economic, environmental and social constraints.\nMinimum dependence on non-indigenous resources and optimum development of local energy resources will\nminimise the vulnerability of energy supplies to external factors such as the international socio-political\nenvironment. Further, it also eases pressure on the country\u2019s balance of payments. The Energy Policy includes\nnecessary initiatives to vigorously implement the country\u2019s oil and gas exploration programme.\n2.5 Adopting an Appropriate Pricing Policy\n* An appropriate pricing policy for the energy sector will be adopted considering important factors such as cost\nreflectivity, need for targeted subsidies, and competitiveness of locally produced goods and services in the\nregional and world markets.\nNon-cost reflective pricing and non-targeted subsidies both in the electricity and petroleum sub-sectors in the\nabsence of a property regulatory mechanism, seriously hamper the growth and financial viability of sub-sector\nutilities. Further, they drain state financial resources away from social infrastructure such as healthcare and\neducation, which deserve to demand significant levels of state funding. At the same time, it is important to make\npricing decisions on energy products and services taking into account the impacts of such decisions on the\ncompetitiveness of local goods and services in the regional and global markets. It is also necessary that only\nthe costs incurred prudently by the utilities are allowed in the cost-recovering process.\n2.6 Enhancing Energy Sector Management Capacity\n* All measures will be taken to continually enhance the local capacity to develop and manage the energy sector\neffectively, giving due emphasis to the technological developments and goods governance in the energy\nsector.\nThe local capacity to develop and manage the energy sector has been built over the years. This capacity\nneeds to be constantly enhanced, taking into account the continuous technological developments in the\nenergy sector. The management capability of the energy sector professionals needs to be enhanced to meet\nchallenges in the emerging competitive environment in the sector and to ensure good governance.\n2.7 Consumer Protection and Ensuring a Level Playing Field\n* Necessary measures will be taken to safeguard interests of both present and future consumers while ensuring\na level playing field for all the stakeholders in the energy sector.\nThe state accepts that both present and further consumers and the main stakeholders do not presently enjoy\ntheir rightful place in the electricity/petroleum sub-sectors. Also, the country has so far failed to prove to\ninvestors the stability of the energy sector and also exhibit a level playing field. Therefore, necessary steps will\nbe taken to protect the interests of the consumers, and to ensure fairness and predictability to all energy sector\ninvestors.\n2.8 Enhancing the Quality of Energy Services\n* the quality of energy services will be ensured through imposition of appropriate quality standards and regulatory\ninterventions.\nPoor quality of energy services affects the country\u2019s economic growth and the general standard of living of the\npublic. Corrective action will be taken to make improvements in this regard, focusing on the consumer interests.\n2.9 Protection from Adverse Environmental Impacts of Energy Facilities\n* Necessary steps will be taken to minimum adverse environmental and social impacts caused by electricity and\npetroleum sub-sector development and operational activities.\nAdverse impacts on society and the environment arising out of the electricity and petroleum sub-sector\nactivities have not been receiving adequate attention. The state recognises that it is the prime duty of the\nstate to protect the public and employees in this respect.\nAll developments and operations of energy sector facilities shall follow the relevant environmental regulations\nand standards of Sri Lanka.\n\n#3 IMPLEMENTING STRATEGIES\nThe broad strategies to implement the energy sector policies are as follows :\n3.1 Providing Basic Energy Needs\n* Priority will be given to improving access by rural areas to commercial energy forms such as electricity and\npetroleum-based fuels.\n* Current modalities of providing basic electricity requirements of the entire population either through grid\u0002extension or off-grid systems will be expanded and a systematic action-plan will be implemented to meet those\nrequirements.\n* Dedicated energy plantations will be encouraged.\n* A transparent mechanism will be established to provide subsidies to the deserving groups to ensure that such\ngroups have access to their basic energy needs at affordable prices. This includes providing low cost\nstandardised electricity connections to consumers on lifeline tariffs both in urban and rural areas. It also\nincludes improving the availability of petroleum-based fuels in rural areas at standard retail prices, while\nproviding kerosene subsidies to deserving low-income groups in both urban and rural areas.\n3.2 Ensuring Energy Security\n* Fuel diversity in electricity generation will be ensured through diversifying into generation technologies that\ndo not use oil or fuels of which the price is indexed to oil prices.\n* Fuel diversification in the transport sector will be encouraged through rail and road transport systems based on\noff-peak electricity supply, and the promotion of bio-fuels as a high priority research and development need.\n* Regional cooperation will be promoted in different forms including viable cross-border energy transfer with\nneighboring countries.\n* Expansion of the local crude oil refining capacity to optimally satisfy the country\u2019s demand for petroleum\nproducts will be pursued.\n* Maintenance of a strategic fuel reserve by every player in the retail business will be ensured.\n* Development of bio-fuels for transport will be encouraged.\n3.3 Promoting Energy Efficiency and Conservation\n* Supply side and end-use energy efficiency will be encouraged through financial and other incentives/\ndisincentives in respect of energy end-use mandatory measures such as appliance energy labelling, building\ncodes and energy audits.\n\n* Private sector participation in providind expert services on energy efficiency will be promoted and facilitated.\n* Financial resources required to continuously improve efficiency in energy conversion, transmission and\nutilisation will be acquired from within and outside the energy sector by levying appropriate energy charges\nand formulating long term funding programmes with financiers.\n* The Energy Conservation Fund(ECF) will be entrunsted to coordinate all the activities relating to energy\nconservation and management, and the Energy Conservation Fund Act will be amended to accommodate these\nnew responsibilities.\n* The use of existing petroleum distribution infrastructure will be optimised.\n* Power generation and network losses will be brought down to lowest possible levels and capacity will be\nimproved through necessary generation, transmission and distribution investments and efficient management\nof the supply systems.\n* Efforts will be made to encourage electrification of viable sectors of the railway network and inter-modal shift in\npassenger and goods transport towards more energy efficient systems.\n* A model shift towards larger-capacity vehicular transport modes, which are less energy intensive per passenger\nkilometre or freight-tonne kilometre, will be promoted. Railway transportation will receive priority over road\ntransportation.\n* Better coordination of road and rail transport will be promoted as a key implementation strategy of achieving\ngreater efficiency of the transport sector.\n* A strategic plan for street lighting will be formulated for the country to ensure proper management of street\nlighting which will enhance the safety of motorists and pedestrians and also contribute to energy conservation\nwith better aesthetic sense.\n\n3.4 Promoting Indegenous Resources\n* The use of economically viable, environment friendly, non-conventional renewable energy resources will be\npromoted by providing a level playing field for developers of non-conventional energy resources.\n* Concessionary financing will be sought to implement the remaining medium scale hydroelectric projects which\nare economically, environmentally and socially viable, but not viable under normal commercial terms. Pricing of\nelectricity generated would, however, be on commercial terms.\n* Necessary incentives will be provided and access to green funding including Clean Development Mechanism\n(CDM) will be facilitated to develop non-conventional renewable energy resources to ensure their contribution\nto the energy supply in special situations, even if their economic viablility is marginal.\n* A facilitation agency dedicated to the systematic planning and promotion of non-conventional renewable\nenergy resources will be established.\n* Oil and natural gas resources will be explored and commercially exploited; both public and private sector\ninvestment will be promoted in this regard.\n* Biomass-based energy projects will be developed in areas where land resources are available, enabling new\nindustrial activities in such areas, empahasising on creating rural income generation avenues.\n* Research and development on adopting new technologies and practices, particularly in the use of non\u0002conventional renewable energy to suit local conditions will be promoted.\n* Focused attention will be drawn on development of bio-fuels as an alternative energy resources for the transport\nsector.\n* Initiatives of other sectors and institutions to convert biomass and other waste to energy will be encouraged\nand supported where appropriate.\n\n3.5 Adopting an Appropriate Pricing Policy\n* The PUCSL will be empowered to regulate the energy sector including electricity and petroleum sub-sectors, to\nensure effective implementation of the pricing policy,\n* Appropriate pricing strategies will be formulated and implemented by PUCSL, which will prepare and regularly\nupdate plans to achieve a cost-reflective pricing policy for all commercial energy products (electricity, petroleum\nproducts, LPG) and implement them. These prices will include elements such as a reasonable return on equity,\ninternal cash generation for capital investment and debt service.\n* Necessary steps will be taken by PUCSL to ensure that the optimal energy supply expansion plans are\nimplemented in time so that the cost reflective prices will be based on these optimal plans.\n* A mechanism will be established by PUCSL to identify target groups of consumers that deserve special\nconsideration owing to social needs or commercial realities.\n3.6 Enhancing Energy Sector Management Capacity\n* Capacity of the Ministry in charge of the subject of energy will be developed and strengthened to develop\nintegrated long-term energy plans and conduct policy analyses in the energy sector as a sustainable continuing\nactivity.\n* Capacity within the Provincial Councils will be developed to enhance and expand their contribution to off-grid\nelectricity supply development.\n* The national energy database will be expanded, improved and managed\n* The management capability of the energy sector institutions will be enhanced through appropriate training,\nempowerment and proper delegation of authority.\n3.7 Consumer protection and Ensuring a Level Playing Field\n* PUCSL will be fully empowered and supported to ensure fairness to the consumers of various energy products\nand services.\n* A conducive environment will be created for the PUCSL to ensure a level playing field for all the stake holders\nin the energy sector.\n3.8 Enhancing the Quality of Supply\n* The energy sector utilities will be compelled by PUCSL to maintain a minimum quality of supply of products and\nservices.\n* Enhanced quality will be encouraged by permitting reasonable increases in allowed returns to the utility\nconcerned.\n3.9 Protection from Adverse Environmental Impacts of Energy Facilities\n* Energy sector utilities will be compelled to comply with safety standards issued by PUCSL as well as\nenvironmental standards stipulated by the state.\n* A scheme of compensation to victims of accidents and hazards attributed to energy sector utilities will be\nestablished with the participation of all stakeholders.\n* Every energy sector utility will establish an environmental division with staff qualified to conduct\nenvironmental safety audits of existing and new facilities to comply with the standards and regulations under\nthe National Environment Act.\n3.10 General Strategies\n* The energy sector will be reformed and restructured to enable both state and private sector investments in its\ndevelopment. While the sector\u2019s policy-making and regulation will remain in the state sector, its operation and\nmanagement will be open to both the state and the private sectors.\n\n* The electricity sub-sector will be reformed by unbundling the CEB in accordance with the Electricity\nReform(Amendment) Act and Ceylon Electricity Board (Amendment) Act. All assistance will be provided to the\nPUCSL to establish itself as an independent and autonomous regulatory body.\n* Necessary measures will be taken to establish appropriate market structures within electricity and petroleum\nsub-sectors by attracting investments from public and private sectors.\n* Necessary legislation for restructuring the petroleum sub-sector will be enacted and PUCSL will be empowered\nto carry out regulation of that sub-sector.\n* Measures will be taken to obtain maximum benefits from international arrangements such as the Clean\nDevelopment Mechanism, which would benefit the global environment and in the process facilitate the\nfinancing of energy efficiency improvement as well as renewable energy development projects in the country.\n* PUCSL will be empowered to formulate project selection principles for energy sector supply side investments.\n* A central agency will be empowered to ensure that the prescribed policy measures are implemented in respect\nof energy efficiency and non-conventional renewable energy development.\n\n#4. SPECIFIC TARGETS, MILESTONES AND INSTITUTIONAL RESPONSIBILITIES\nThis section deals with specific targets and milestones to be achieved when implementing the energy sector strategies\nidentified. Further, the institutions responsible for implementation of these strategies are also identified in this section\nagainst each activity.\n4.1 Electrification of Households\nElectricity will be made available to all feasible areas by extending the national grid and focussed rural energy\ninitiatives using off-grid technologies. Capital subsidies available for grid-connected households will be extended to\nhouseholds seeking off-grid electricity, through the Provincial Authorities.\n\nInstitutional responsibility : Ministry of Power and Energy shall prepare a long-term electrificaiton plan, updated\nevery year. PUCSL would be responsibe for its implementation, with the support of the electricity utilities, ECF, Provincial\nCouncils and other stakeholders.\n\n\n\n4.3 Fuel Diversity and Security\n* The electricity sub-sector shall rapidly move from the present two-energy resource (hydropower and oil) status\nto a multiple resource status.\n* The Government shall not initiate or entertain any proposal either by the electricity utilities or private developers\nto build power plants that wil use oil, oil-based products or fuels of which the price is indexed to the oil price,\nunless they are required to be included in the generation expansion plan due to technical limitations in other\nplant types. This moratorium on oil-based power plants shall be factored into the Long Term Generation\nExpansion Plan(LTGEP) and shall remain in force until 80% of Sri Lanka\u2019s electrical energy supplied to the\nnational grid is from non-oil based fuels. The strategy of the Government shall be immediately diversify into a\nthird fuel. To ensure maximum possible security against price and supply fluctuations, and to ensure the\ngrowing demand is reliably met, this third fuel shall be coal. The LTGEP studies confirm the viability of this\nstrategy. Non-conventional Renewable Energy (NRE) shall be the fourth resource in this deversification and\nsecurity strategy. Following are the electricity generation targets envisaged with NRE and coal resources.\n\n\n* Every player in the petroleum sub-sector downstream retail business shall maintain a strategic fuel reserve\nequivalent to a minimumof 30 days\u2019 consumption at any given time. Every effort will be made to replace\npetroleum-based fuesl with indegenous biomass fueld in industrial thermal applications by encouraging such\nfuel switching initiatives through appropriate incentive, including facilitation of access to green funding\nsuch as CDM.\nInstitutional responsibility to implement this fuel diversity and security policy, and to achieve targets will lie with the\nPUCSL, electricity utilities and petroleum sub-sector downstream players. The Long-Term Generation Expansion Plan\n(LTGEP) shall reflect the above strategy and milestones. LTGEP shall be a 20-year plan, updated at least once in two\nyears.\n\n4.4 Non-conventional Renewable Energy(NRE) Based Electricity in the Grid\n* NRE Resources include small-scale hydropower, biomass including dendro power, biogas and waste, solar\npower and wind power. These are the leading sustainable, non-conventional forms of renewable energy\npromoted in Sri Lanka for electricity generation into the grid. In addition, other NRE resources such as wave\nenergy and ocean thermal energy are also encouraged where appropriate.\n* Commercial development of biomass will be encouraged and facilitated as a new rural industry, allowing\nrural poor to engage in fuelwool farming and participate in the mainstream economic activity by supplying\nelectricity to urban load centres.\n* The Government will endeavour to reach a minimum level of 10% of electrical energy supplied to the grid to\nbe from NRE by a process of facilitation including access to green funding such as CDM. The target year to\nreach this level of NRE penetration is 2015.\n* A review of technical limits and financial constraints of absorbing NRE will be carried out an will be followed by\na technical and financial barrier removal exercise, with external support and expertise where necessary.\n* The NRE strategy shall not cause any additional burden on the end use customer tariffs. If justified, the\nGovernment may subsidize the energy utilities for this purpose.\n* The Government recognises that certain NRE technologies would require incentives to ensure their capacity\nbuild-up to contribute to the national NRE target. These incentives shall be provided on a competitive basis, in\nwhich the NRE developlers shall bid for a share of the NRE target subject to a price ceiling. NRE incentives shall\nbe technology-specific and based on actual energy supplied to the grid.\n* To make available the incentives for NRE technologies, the Government will create an \u2018Energy Fund\u2019 ,which will\nbe managed by the ECF. This fund will be strengthened through an energy cess, grants received from donors\nand well wishers, as well as any funds received under CDM. This fund will be used to provide incentives for the\npromotion of NRE technologies and strengthen the transmission network to absorb the NRE technologies into\nthe grid.\n* NRE developments will not be charged any resource cost(royalty) for a period of 15 years from the commercial\noperation date. Resource costs charges from selected NRE technologies after the 15th year of commercial\noperation shall be used to finance incentives for further NRE development, through the Energy Fund.\nInstitutional responsibility to implement this NRE strategy and to achieve targets shall lie with the PUCSL and ECF.\nThe ECF shall prepare a Long-term Non-conventional Renewable Energy Plan (LTNREP), which shall provide interim\ntargets for specific NRE technologies, upper thresholds of pricing, and resource costing. The LTNREP shall be a 20 year\nplan, updated at least once in two years. Implementation of the LTNREP shall be promoted and facilitated by ECF.\n\n4.5 Electricity Pricing\n* Average electricity price to each category of consumers will be gradually made cost reflective. A conducive\nenvironment will be created to fully utilise the Demand Side Management (DSM) opportunities arising from\nthis change.\n* The lifeline tariff to domestic consumers will be limited to Samurdhi Beneficiaries and to a monthly household\nconsumption of 30kWh. The related subsidy component estimated at 50% of the cost of supply will be fully\nfinanced through Government grants.\n* Electricity generation prices at bulk purchase points will be as stated in the Power Purchase Agreements, and\nthe cost of transmission distribution and supply will be regulated ensuring fairness to both consumers and\nelectricity utilities. Consumers and all other stake holders will be given opportunities to present their views at\na public hearing.\nInstitutional responsibility to implement the electricity pricing policy lies with the PUCSL, electricity utilities and the\nGeneral Treasury. Electricty distribution utilities shall prepare tariff proposals for the approval of PUCSL, which will seek\nconcurrence of the Treasury on Government subsidy.\n4.6 Petroleum sub-sector Regulation and Product Pricing\nPrices of petroleum-based fuels will be determined using an agreed price formula between the Government and the\npetroleum sub-sector utilities regulated by the PUCSL. Price regulation will apply only to petroleum-based fuels marketed in\na non-competitive environment. Petroleum product imports and their country-wide distribution will be carried out through\nthe common user facilities, which will also be regulated by the PUCSL. No general subsidy will be provided to any of the\nproducts and the marketing companies will be allowed to decide on their retail consumer prices within the specified maximum\nretail consumer prices for the period. Targeted subsidies wille be made available to low income households(Samurdhi\nBeneficiaries) for kerosene usage. Subsidies provided for other petroleum-based fuels will be removed by 2007.\nInstitutional responsibility to implement this lies with PUCSL, petroleum sub-sector utilities and the Treasury. Petroleum\ndistributors shall prepare the product pricing proposals according to the agreed formula for the approval of the PUCSL\nwhich will seek concurrence of the Treasury on the Government subsidy.\n4.7 Oil and Gas Exploration\nComprehensive seismic acquisition in the Gulf of Mannar Basin were carried out in mid 2005. Announcement of a\nfirst licensing round will be made in 2006 to offer blocks for exploration. More detailed 2D seismic and 3D seismic investigations\nwill be carried out in the Cauvery basin and in the southern area in 2006/2007.\nInstitutional responsibility to implement all steps to ensure that exploration and exploitation of petroleum resources are\ncarried out with appropriate investor participation adopting internationally recognised practices and proven technology lies\nwith the Ministry of Petroleum and Petroleum Resources Development.\n4.8 Bunkering\nThe Strategic geographical location of Sri Lanka places it in a very favourable situation to become a leader in the\nbunkering business in South Asia. Action has already been taken to liberalize this industry, but it has failed to attract\ninvestors owing to certain obstacles. Immediate action will be taken to remove all such obstacles and to provide a level\nplaying field to ensure participation of all leading palyers in the world, to make this one of the leading industries in Sri Lanka.\nThis process of liberalization will be completed by end 2007.\nInstitutional responsibility to implement this lies with the Ministry of Petroleum and Petroleum Resources\nDevelopment, Ministry of Finance and the Board of Investment of Sri Lanka.\n\n\n4.9 Supply-side Energy Efficiency\n* Transmission and distribution energy losses(the sum of technical and commercial losses) in the electricity\nsub-sector will be gradually brought down to a maximum of 13.5% net generation by end 2009. Every effort will\nbe made to expedite the loss reduction programme and exceed these expectations.\n* Present system control procedures towards optimal operation of the intergrated hydro-thermal power system\nwill be improved by end 2007 to ensure maximum energy output from the hydropower system.\n* Informed rehabilitation/new investment decisions will be made in the national interest, to improve electricity\nproduction and transmission efficiency, guided by information gathered from continuous measurement of\nenergy entering and leaving specific power system components.\nInstitutional responsibility to implement this strategy and to achieve targets lies with the electricity utilities and the\nPUCSL.\n4.10 Demand -side Energy Efficiency\n* All appliances which substantially contribute towards electricity demand will be identified and labelled based\non their energy efficiency by end 2010, allowing consumers to make informed purchase decisions, Labelling will\nbe also used to lay more emphasis on appliance life cycle cost rather than the cost of acquisition, and thereby\nguiding fiscal policy especially in deciding import duty on appliances.\n* Continuous refinement of the labelling programme will be used to introduce efficient technologies and to\ngradually phase out the import and manufacture of inefficient appliances. The appliance labelling programme\nwill be made mandatory to identified appliances by mid 2007.\n* Delivery of energy efficiency services will be accelerated by further developing the capacity of private and\npublic sector energy service providers. New entrants to provide energy efficiency services will be encouraged\nand supported by interventions such as provision of expensive instruments on loan basis and analytical\ninformation relevant to local circumstances.\n* Benchmarks on energy intensity of specific industries will be established by end 2007. Specific benchmarks for\nenergy consumption of commercial, transport and domestic sectors will be established by end 2008.\n* The National Energy Database will be enhanced with further disaggregated and refined demand-side date by\nend 2007.\n* A variety of financing mechanisms will be made available by end 2007 to finance energy efficiency improvement\nprojects in all sectors including collateral substitution to concessionary loans, operated through utilities.\nCapacity of financial institutions will be developed and assisted to treat energy efficiency improvment\nfinancing as a standard item in a portfolio of loans.\n* State sector agencies identified as major energy consumers will be closely monitored and their energy expenditure\nwill be separated from recurrent expenditure to assist energy efficiency improvement and cost control. Such\nagencies will be mandated to take the lead in procuring energy efficient equipment.\n* The Energy Efficiency Building Code will be updated and made mandatory to state sector entities by end 2007.\nIndirect measures through premit issuing agencies will be implemented to encourage the practice of the code by\nother entities within the same time frame.\n* Information pertaining to ways and means of energy efficiency improvement will be collected and disseminated\nthrough mass media and other suitable channels, facilitating consumers to undertake energy efficiency\nimprovment programmes.\nInstitutional Responsibility to implement these strategies to reach the targets specified lies with the ECF, and shall be\nassisated by electricity and petroleum utilities, the PUCSL and other stakholders.\n\n\n4.11 National Energy Database and Integrated National Energy Planning\n* Ministry of Power and Energy shall immediately establish a national energy palnning team, to address the\npolicy issues inter-linkages between sub-sectors, and to investigate important issues such as pricing policy\nin consultation with public, private and civil society groups.\n* Sufficient powers required to analyse and make specific recommendations on all aspects or energy sector\nperformance, shall be vested with the planning team by 2007. The team will be assisted by the Department of\nCensus and Statistics\n* The planning team shall, by end of 2007 establish improved methodology, if necessary, to develop demand\nforecasts, simulate development scenarios, intergrate sub-sectoral plans, conduct sensitivity studies, analyse\npolicy options, and develop forecast energy balances.\n* The National Energy Database and the analysis on Energy Sector Performance shall be updated and published\nevery year. Summary information of these shall be available on a website, and detailed information will be\nprovided on request. The first publication shall be for energy data updated until year 2004, to be published by\nend 2006.\nImplementation Responsibility : An integrated national energy plan to cover 25 years into the future shall be prepared by\nthe National Energy Planning Team of the Ministry of Power and Energy, and published at least once in two years. The\nNational Energy Balance and Energy Sector Performance shall by published annually.\n4.12 Rural Electrification\nA special fund will be created for the purpose of funding the Rural Electrification (RE) programmes. All donor funds,\ngovernment contributions and contributions from the future electricity distribution utilities, (as would be decided by the\nPUCSL) will be the main sources of funds. The practice hitherto followed in RE Programmes will be closely examined. In this\ncontext, the government will study the policies/programs adopted by other developing countries. The government will also\nseriously consider entrusting the management of RE schemes to consumer co-operatives, a policy successfully implemented\nby some developing countries.\nInstitutional Responsibility to implement this lies with the Ministry of Power and Energy and the Ministry of Finance,\nassisted by the PUCSL.\n"}