{"Code": "LKA-CPD-2022-EN", "Status": "Completed", "Country Name": "Sri Lanka", "Country Code": "LKA", "Category": "CPD", "KeyWord to Search": null, "Document Title": "Country programme document for Sri Lanka (2023\u20132027)", "Exists?": "Y", "Publication Date": "29 August\u20131 September 2022", "Publication Year": "29 August\u20131 September 2022", "Start Year": "2023", "End Year": "2027", "Language": "EN", "Link": "https://digitallibrary.un.org/record/3982477/files/DP_DCP_LKA_4-EN.pdf?ln=en", "Content": "File Name: LKA-CPD-2022-EN\nYear: 2022\nCountry Name: Sri Lanka\nCountry Code: LKA\nCategory: CPD\nDocument Title: Country programme document for Sri Lanka (2023\u20132027)\nExists?: Y\nPublication Date: 29 August\u20131 September 2022\nStart Year: 2023\nEnd Year: 2027\nLanguage: EN\n------------------------------------------------\n#I. UNDP within the United Nations Sustainable Development Cooperation Framework\n\n1. Sri Lanka is experiencing one of the worst economic crises since independence in 1948, \nwith twin crises \u2013 depleted dollar reserves and excessive debt overhang. A build-up of debt \nsustainability and public finance issues over several decades were exacerbated by the Easter \nSunday attacks in 2019, which led to a dip in growth. The COVID-19 pandemic compounded \nthese issues, with further loss of tourism revenue and the impact of lockdown measures. By \nApril 2022, the crisis was acute, with dollar reserves at record lows, affecting the purchase of \nessential commodities and leading to shortages of fuel, gas, food and medicine. Together with \nthe devaluation of the rupee, this has pushed up the cost of living by at least 30 per cent to \n40 per cent. Given the reduced tax base,low government revenue, and sparse foreign direct \ninvestment, the fiscal space remains constrained. Businesses have been heavily impacted,\nwages are insufficient to sustain a basic standard of living. The rising inflation rates signal that \nthe number of poor households will likely increase from 11.9 per cent in 2019-2020.2 The social \nprotection system does not provide adequate relief, resulting in new poor and vulnerable groups.\n2. Against this background, Sri Lanka faces challenges in protecting development gains. In \n2021, the global Sustainable Development Goals Index3ranked it 87th of 165 countries. \nDisparities and inequalities in poverty and vulnerability for specific groups \u2013women, young \npeople, the elderly, the disabled and minorities \u2013 have intensified. Sri Lanka ranks low on the \nGlobal Gender Gap Index, 2021, of the World Economic Forum \u2013 at116th out of 156 countries \nand among the bottom 10 countries for political representation of women, with only 5.3 per cent \nin Parliament. Rights-based legislative and policy frameworks for disability inclusion remain \nlargely unimplemented. \n3. The onset of the socio-political and socio-economic crisis in 2022, and the rising trend in \npublic protests, indicate a build-up of frustration in a context of weakened governance \nstructures, perceived absence of accountability, and incoherent planning across multiple \npolitical cycles. The crisis and the public demand for reform that reintroduces independent \noversight mechanisms, strengthens parliament, and removes the unrestrained power of the \nexecutive branch, have provoked the initiation of constitutional reform. The report of the \nUnited Nations Human Rights Commission, in March 2022, underscored the deteriorating \nstatus of human rights and heightened risks to social cohesion. \n4. Sri Lanka ranks among the top 10 most climate-vulnerable countries on the Climate Risk \nIndex. Projected changes of climate are expected to impact its poorest and marginalized \ncommunities the most. Conservation and sustainable natural resource management will be \npivotal for the long recovery and growth trajectory. In 2021, Sri Lanka updated its Nationally \nDetermined Contributions, renewing commitments to increase forest cover up to 32 per cent,\nreduce greenhouse gas emissions by 14.5 per cent by 2030, and achieve carbon neutrality in \nelectricity generation with no capacity addition of coal power plants by 2050. \n5. The United Nations Sustainable Development Cooperation Framework (UNSDCF), with\nits four mutually reinforcing strategic priorities and six outcome areas, responds to the policy \npriorities of the Government and the 2030 Agenda for Sustainable Development, and focuses\non equity and \u2018leaving no-one behind\u2019. UNDP will contribute to all six UNSDCF outcomes, \nprimarily to No. 2, Inclusive, green-led recovery and growth; No. 3, Climate resilience and \nenvironmental sustainability; No. 4, Governance, justice and rule of law; and No. 5. Social \ncohesion and human rights. Gender is mainstreamed across the outcomes, ensuring contribution \nto outcome \n6. Inter-Parliamentary Union6. The continuous decline in official development assistance increased the need for exploring \nalternative and blended sources of financing for development activities, with international \nfinancial institutions, the World Bank, the Asian Development Bank, and non-traditional and \nprivate sector partners (United Nations Global Compact, Biodiversity Sri Lanka). While \ngovernment financing through UNDP projects has been limited due to fiscal constraints, \nalternative models such as increased in-kind support, implementation support to loans from \ninternational financial institutions, and subnational level partnerships are being explored. \nScaling up the South-South partnership to promote renewable and green energy will be further \nexplored.\n7. This country programme will build on recommendations of the 2018-2022 programme \nevaluation, which noted the success of UNDP in adapting its governance work to \ntransformational shifts in context; its strong partnership with the Ministry of Justice; and its \nnimbleness in programming. The evaluation noted the holistic approach of UNDP to engaging \nthe private sector, leveraging influence on economic empowerment, social cohesion, and\nprogress towards meeting gender-responsive targets. UNDP received the Gender Silver Seal in \n2021, and is aiming for gold in 2022, demonstrating a firm commitment to gender inclusion in \nits programming and management practices. The evaluation noted the access UNDP has to \nvertical funds, such as the Green Climate Fund, assessed to have catalysed improved water \nmanagement for agriculture and drinking; disaster early warning; and standards and precedents \nfor bottom-up, intersectoral interventions.\n8. As a development partner in Sri Lanka for 55 years, UNDP brings five key comparative \nadvantages to support its development priorities through the UNSDCF: (a) Partnerships and\nconvening power, allowing for a multidimensional approach to policy and programming, with \nstrong links to both civil society and private sector stakeholders. UNDP supported the \ndevelopment of a national action plan to address sexual and gender-based violence, 2016-2020,\nand the preparation of the 2023-2027 plan, also demonstrating leadership in disability inclusion;\n(b) Integrated solutions to Sustainable Development Goals acceleration through improved \nplanning and financing \u2013 including Goals-aligned budgeting, tax reform, strengthening data \narchitecture, linkages across sectors such as sustainable tourism and environment, and vertical \nlinkages between national and subnational levels. Since volunteer-involving organizations and \nvolunteers play a crucial role in localizing the goals, such platforms and partnerships will be \nleveraged; (c) policy and thought leadership, drawing upon the UNDP Global Policy Network \nas well as country-level platforms such as the Colombo Development Dialogues, an established \n\u2018brand\u2019 with policy credibility; (d) Innovation and digital-led approaches. UNDP is home to\nthe first dedicated social innovation facility in South Asia \u2013 the Citra Lab, which provides space \nfor experimentation based on principles of human-centred design and systems thinking to \naddress complex development challenges, provide strategic support to programmes and \nadvance the digital transformation agenda. UNDP is (e) an agile development partner, able to \npilot solutions and take them to scale, as evidenced by its reaching over 2 million Sri Lankans \nto date through its Global Environment Facility Small Grants Programme, resettlement, \ncapacity development for local government, and youth entrepreneurship and skills programmes.\n9. The overarching theory of change of the programme suggests pathways for all people in \nSri Lanka, especially the most vulnerable, to contribute to and benefit from inclusive and \nsustainable development in a resilient, peaceful and cohesive society. The pathway to more \ninclusive green recovery and growth comprises evidence-based economic policies that\ndecouple growth from environmental degradation; incentivize low-carbon, climate-sensitive \ninvestments; promote innovation, entrepreneurship and decent job creation for women and \nyouth; and facilitate better access to financing and markets. To expand equitable human \ndevelopment, social and economic policies need to be augmented by rights-based, better \ntargeted, higher-quality services to build the resilience and socio-economic mobility of \nvulnerable groups. Transformation of economic and social policies will require an underpinning \nsystem of governance based on the rule of law which is responsive, accountable, just, and able to effectively perform core government functions, deliver services, and enable social cohesion. \nStrengthening policy development and (increasingly digital) service delivery capacities, \nensuring the independence and efficacy of the judiciary, improving oversight of the branches \nof government, and creating hate-intolerant spaces for meaningful, constructive engagement \nwith and among the public are key elements of the pathway to greater public trust and fulfilment \nof individuals\u2019 rights. The theory of change further suggests that the realization of potential \ndevelopment gains from the above measures will depend upon the extent to which society is\nable to increase the agency and social capital of women and marginalized groups.\n\n#II. Programme priorities and partnerships\n10. The country programme seeks to address the deepening socio-political and economic crises \nand their consequences \u2013 particularly for vulnerable groups \u2013 guided by the principle of \u2018leaving\nno one behind\u2019, and to support resilient recovery and sustainable human development to limit \nregression of development gains and minimize backsliding on the attainment of the goals. \nConsultations (facilitated by the National Planning Department), as well as civil society \npartners, informed the programme design.\n11. Special attention will be paid to: (a) driving gender equality and women\u2019s empowerment,\nacross all outcomes and in marginalized and rural areas, through greater participation in \ndecision-making and more equitable access to economic and natural resources; (b) a twin-track \napproach to ensuring that the rights and potential of persons with disabilities are realized by \nsupporting the commitments Sri Lanka has made to differently abled and disabled people on \nrights to economic and social security and equal opportunities to improve quality of life; and \n(c) including young people as partners and agents, drawing on the Youth 2030 Strategy. \n12. Understanding the barriers faced by vulnerable individuals, groups and geographical areas, \nand prioritizing support for actions to ensure that needs and rights are addressed, will be central \nto the country programme. The programme takes a crisis-prevention and risk-informed, agile \napproach, given past challenges, future uncertainties, the unprecedented scale of the current \nsocio-economic situation, and the converging crises. \n13. The country programme will build on the comparative advantages of UNDP as it \ncontributes to the UNSDCF within three broad priority areas: Social inclusion and \nmacroeconomic stability; Green development and Inclusive governance and justice, peace and \nsocial cohesion.\nSocial inclusion and macroeconomic stability (outcome 1) \n14. UNDP will substantially increase its support to alleviating the human development impact \nof the socio-economic crises and will support immediate relief and recovery efforts. With the \nUnited Nations Children\u2019s Fund and the United Nations results group on social protection, \nUNDP will provide support to expanding social protection coverage for effective relief, and \nbuilding resilience. Strengthening livelihoods will be a key focus, and, in collaboration with the \nWorld Food Programme and the Food and Agriculture Organization, UNDP will address \nimpacts on food security, water security and agricultural production. This will include a life\u0002cycle approach and horizontal expansion of social protection schemes, linking them to \u2018cash+\u2019\napproaches that generate livelihoods and assets.\n15. To minimize negative impacts on human development, macroeconomic policies must be \ndesigned to strengthen resilience to shocks and prevent the erosion of development gains \nachieved. UNDP will support the design of policy options for inclusive economic recovery, \nenabling public and private financing for the goals, including nature-positive financing, \nclimate/Goals budgeting, and innovative financing options such as debt-for-nature swaps, \ngreen/blue bonds, and market intelligence on Sustainable Development Goals investment \nopportunities. For more diverse economic opportunities for women and youth, UNDP will \nleverage the Citra Social Innovation Lab to support digital transformation and create an enabling business environment for entrepreneurship with national and subnational institutions \nand the private sector. \nGreen development (outcome 2)\n16. Climate change adaptation and disaster risk reduction will be integrated into development \nplans in line with Nationally Determined Contributions, with the priority of addressing losses \nand damage at national and local levels while ensuring translation into budgets and actions.\nBuilding on the long-lasting partnership with the Government, development and funding \npartners, and the private sector, the focus will be on strengthening the resilience of vulnerable \ncommunities, particularly in the dry and intermediate zones, and supporting women and youth\u0002led enterprises, especially in the tourism value chain.\n17. UNDP will leverage its thought-leadership and provision of integrated solutions in climate, \nnature and energy towards green development through support to implementation of Nationally \nDetermined Contributions, including gender standards, the National Climate Policy, and \ndevelopment of a \u20182050 Carbon Neutrality Roadmap\u2019. Green principles will be integrated into \nthe economic recovery process through a unified multisectoral partner platform for green \ndevelopment, under the leadership of the ministries of environment, finance, energy and \neconomy \u2013 together with relevant United Nations entities; development partners, including the \nGlobal Environment Facility and the Green Climate Fund; the private sector; and civil society \norganizations. In response to the energy crisis, UNDP will facilitate a consultative process,\nbased on innovation and research, to enhance energy resilience and self-sufficiency. UNDP-led \nintegrated programmes in chemical and health-care waste management, sustainable tourism and \nagriculture, renewable energy, greening of the transport sector, and the phase-out of ozone\u0002depleting substances will support the green transition.\nInclusive governance, justice, peace and social cohesion (outcomes 3 and 4)\n18. This priority area will be implemented through the UNDP flagship portfolio on Goal 16 to\naddress inequitable service delivery and capacity gaps; strengthen the efficacy and digitally\u0002driven efficiency of key institutions to deliver people-centred services with a gender lens;\nimprove key governance functions; and promote peace and social cohesion through anticipatory \nand adaptive governance. It will address negative social trends, including hate speech, and \nharness opportunities that emerge from technology and social media. Early warning \nmechanisms will be strengthened to facilitate conflict prevention and sensitivity, including on \nmanaging environmental resource-based conflicts at the local level.\n19. Evidence-based, innovative and consultative policy formulation and implementation will \nbe promoted at the national and subnational levels. UNDP will engage key oversight institutions \nsuch as the Parliament and commissions to facilitate people\u2019s participation in governance \nprocesses and strengthen recourse to remedy grievances. To address the lack of women\u2019s \nparticipation in political processes, special attention will be paid to supporting women leaders, \nincluding the local councillors. UNDP\u2019s flagship programme on local governance, funded by \nthe European Union, will strengthen capacities of decentralized and devolved structures by \npromoting horizontal and vertical development planning, localization of the Goals, and \neffective, inclusive and people-centred service delivery.\n20. To strengthen the rule of law and contribute to an accountable and responsive justice \nsystem, UNDP prioritizes justice sector reform, building on its long-standing partnership with \nthe Ministry of Justice, supported by European Union and in collaboration with the \nUnited Nations Children\u2019s Fund. Focus areas include: rights awareness and representation;\ntransparency of the justice sector; strengthened data capabilities; efficiency, coordination and \ncapacity of a broad range of justice actors to advance legislative and policy reform; and judicial \nmodernization in line with international standards and best practices. Victim-centric and \ngender-responsive legal services will be promoted, including for sexual and gender-based \nviolence survivors, through victim and witness protection, legal aid, and continued support to strengthening women\u2019s shelters. While the COVID-19 pandemic may have accelerated the use \nof digital technologies, a more strategic, whole-of-society shift towards digital transformation \nis required to bridge gaps in public service provision, improve efficiency, and provide better \naccess for women and girls.\n21. The previous country programme evaluation suggested a more active engagement with \ncivil society, including enhancement of civic space and promotion of participation at all levels.\nThis will be pursued, along with platforms for social dialogue and volunteering. UNDP will \nsupport disability inclusion and mainstreaming of official languages to promote voice and \nrepresentation.\n22. An area-based approach will be adopted, in collaboration with other United Nations \nentities, to ensure integrated solutions. Its geographical focus will include the north, east, dry,\nintermediate and southern zones, where pockets of severe poverty persist (outcome 1) and\nwhere people are most vulnerable to the effects of climate change (outcome 2). This will \ncontribute to addressing factors that could lead to social tensions and elevate conflict risk \nthrough additional stress on resource allocation, management and scarcity (outcome 4). Inter\u0002community tensions and conflict incidence directly contributing to physical and economic \ninsecurity, with women at greater risk of violence and disempowerment (outcome 3), will also \nbe addressed. As the single largest development partner supporting refugee communities \nreturning to their lands, UNDP, in collaboration with the International Organization for \nMigration, will continue to support resettlement, embedding it in local development. UNDP \nwill pursue strengthened environmental protection and natural resource management, including \nrenewable energy and sustainable tourism linked to the outcome 2 objectives on green-led \neconomic development and improved livelihoods (outcome 1). \n\n#III. Programme and risk management\n23. UNDP will provide active leadership to Cooperation Framework Outcome Results Groups\n3 and 4 and will guide joint planning, monitoring, and reporting, including through to the Joint \nSteering Committee. Annual planning and multi-year goal-setting for the country programme \nwill be undertaken in partnership with the Government, through the establishment of a \nprogramme board as the governance mechanism. Implementation will benefit from a civil \nsociety advisory committee. Given the fluid circumstances in the country, UNDP will ensure \ncontinuous monitoring of the theory of change for variations in its key underlying assumptions,\nas well as robust programme management mechanisms to adapt to consequential changes in the \ndevelopment context. Closely aligned with the Cooperation Framework which will be reviewed \nannually, a substantive midterm review will be undertaken, to ensure that the strategic focus is \ncalibrated to the needs of Sri Lanka as it emerges from multiple crises.\n24. With the deepening of internal fractures due to socio-economic crises with concomitant \npolitical dislocations, the possibility of increased inter-community tensions, violence and\nuprisings due to social instability presents risks to social cohesion. UNDP will test, review and \nupdate contingency plans; revise and upscale the use of the United Nations crisis risk \ndashboard; and apply scenario planning, foresight based on political economy, and conflict \nanalyses to modify or scale up existing programmes to mitigate escalation. \n25. Natural and climate-induced disasters, as well as future COVID-19 outbreaks or other \npandemics, may affect the ability of communities and local stakeholders to stay engaged in \ndevelopment initiatives. Mitigating actions will include disaster preparedness and business \ncontinuity planning for uninterrupted programme delivery developed with United Nations\npartners, government, civil society, and communities.\n26. To ensure financial sustainability, UNDP will build on ongoing successful partner \nrelationships and diversify partnerships through the Partnership and Communications Action \nPlan operationalized in 2020. A programme pipeline of strategic, gender transformative (\u2018GEN 3\u2019), innovative and operational engagements will be developed to advance the priorities \nidentified. UNDP will review its business processes to improve efficiency and cost \neffectiveness, including a staffing structure with appropriate capacities, in line with the new \nenterprise resource platforms and global clustering initiatives.\n27. UNDP will proactively engage with the United Nations Country Team to evaluate and \naddress emerging issues, anticipating changes in development and financial circumstances that \nmay require programme and budgetary adjustments. As seen during the COVID-19 pandemic, \nUNDP has a track record of building flexibility and gender-responsiveness into programme\ndesign and implementation, leveraging digital solutions and developing new ways of working. \nThe dynamism of the Sri Lanka development context will require continued agility to respond \nto changes. UNDP will monitor the underlying assumptions/risks of the programme and ensure \nreadiness for necessary adjustments.\n28. The envisioned portfolio management approach will enhance integration, creating an \neffective policy-practice nexus with field-work feedback loops; promote effective collaboration \nbetween teams, including between programme and operations; and ensure the best use of \navailable resources. UNDP will apply the revised social and environmental standards to \nenhance programme quality, and the enterprise risk management policy to conduct regular \nquality assurance and risk assessments throughout the programme cycle. UNDP will ensure \nthat at least 15 per cent of programme expenditures are dedicated to initiatives where gender \nequality is a principal objective (\u2018GEN 3\u2019).\n29. This country programme document outlines UNDP contributions to national results and \nserves as the primary unit of accountability to the Executive Board for results alignment and \nresources assigned to the programme at the country level. Accountabilities of managers at the \ncountry, regional and headquarters levels with respect to country programmes are prescribed in \nthe Programme and Operations Policies and Procedures and the Internal Control Framework.\n30. The programme will be nationally executed. If necessary, national execution may be \nreplaced by direct execution for part or all of the programme in response to force majeure. The \nHarmonized Approach to Cash Transfers will be used in a coordinated fashion with other \nUnited Nations entities to manage financial risks. Cost definitions and classifications for \nprogramme and development effectiveness will be charged to the concerned projects.\n\n#IV. Monitoring and evaluation\n31. The results and resources framework will serve as the main accountability framework, with \nprogramme outcome and output indicators and requisite targets. As recommended by the \nprogramme evaluation, UNDP will embed a robust evidence-based monitoring and evaluation \nsystem in the programme and its projects, combining qualitative and quantitative data, and will \nsolicit citizen and beneficiary feedback to validate impact. \n32. UNDP will work with the Ministry of Finance (Departments of External Resources and \nNational Planning) and other government institutions to ensure the involvement of national \ncounterparts and beneficiaries in planning, monitoring and evaluation processes.\n33. To facilitate data collection and analysis for monitoring the programme, UNSDCF, and the \nGoals, UNDP and its United Nations partners will support efforts to strengthen national \nstatistical systems, reinforce results-based processes, and utilize innovative data collection and \nmonitoring methods to identify and better target those left behind and capture transformative \nresults. \n34. Recognizing the need for additional data sources, UNDP will utilize national data systems\n\u2013 including the UNDP-supported national \u2018SDG Data Portal\u2019, to the extent possible \u2013 to monitor \nprogress. Indicators are aligned to targets of the Goals and the UNDP Strategic Plan, gender \nstrategy and parity strategy. UNDP will address data limitations associated with results and resources framework indicators through baseline studies. Guided by the country office gender \nstrategy and gender action plan, UNDP will use gender analysis, the gender marker and \ngender-responsive indicators to plan and monitor gender-related investments and results.\n35. Knowledge management systems will identify best practices \u2013 including from UNDP \nglobally \u2013 promote synergies, and facilitate joint learning with implementing partners and \nbeneficiaries. Projects will engage beneficiaries, particularly women, youth and vulnerable \ngroups, in development solutions, monitoring and learning.\n36. UNDP will allocate at least 3 per cent of the programme budget, proportionately charged \nto projects, to cover monitoring, evaluation and communication expenses. The costed \nevaluation plan indicates key project, programme and thematic evaluations to be undertaken to \nensure learning and accountability. \n"}