{"Code": "LKA-NEP-2019-EN", "Status": "Completed", "Country Name": "Sri Lanka", "Country Code": "LKA", "Category": "NEP", "KeyWord to Search": null, "Document Title": "NATIONAL ENERGY POLICY AND STRATEGIES OF SRI LANKA", "Exists?": "Y", "Publication Date": "2019", "Publication Year": "2019", "Start Year": "2019", "End Year": "2030", "Language": "EN", "Link": "https://policy.asiapacificenergy.org/sites/default/files/National%20Energy%20Policy%20and%20Strategies%20of%20Sri%20Lanka%20%282019%29.pdf", "Content": "File Name: LKA-NEP-2019-EN\nYear: 2019\nCountry Name: Sri Lanka\nCountry Code: LKA\nCategory: NEP\nDocument Title: NATIONAL ENERGY POLICY AND STRATEGIES OF SRI LANKA\nExists?: Y\nPublication Date: 2019\nStart Year: 2019\nEnd Year: 2030\nLanguage: EN\n------------------------------------------------\n\n#1. Inroduction\nGlobal energy industry has entered a decisive phase of transition, where an increasing number of supply options,\nnewer energy carriers and the growing demand, contribute to increase the complexity of the industry. Sri Lanka\ntoo, will face this transition during the next few decades, and the energy industry in transition will fuel the\ngrowing economy of the country, opening many frontiers and opportunities. This policy spells out ways and\nmeans of steering the energy sector in transition to power the nation and its social market economy,aiming at\nhigher levels of stability, security, affordability and sustainability with the least environmental burden,and provide\na fertile ground for all public and private enterprises, homes and institutions to flourish in a future, where\nenergy will not be a constraint.\nSri Lanka is ranked in the mid-range of United Nations Human Development Index, while the annual GDP per\ncapita too is in the mid-range, at USD 4,065 (2017)1\n. The government\u2019s drive to reach the upper middle-income\nlevel within this decade intensifies the role of energy in Sri Lanka\u2019s economy.As a nation embarking on a\nprogressive social market economy after a three decade-long conflict, a holistic approach to development is\ndesirable, compared with an incremental approach. An energy policy consistent with social and economic\ndevelopment goals is required owing to significant impacts of the energy sector on each social and economic\nactivity of the country.\nSri Lanka maintains a comparatively lower energy intensity of economy, using 0.47TJ of commercial energy to\nproduce onemillion LKR of GDP2. The challenge posed to Sri Lanka is to maintain the lower energy intensity,\nwhile accelerating the growth of the economy. Sri Lanka has reached the important milestone of 100%\nelectrification, thereby fulfilling the goal of providing modern energy sources to all the citizens.\nEconomic growth amidst universal access requires the energy supply capacity to be steadily increased. The\ngrowth in demand can also be managed by improving the efficiency of energy conversion.Continued efforts to\nmaintain a low energy intensity status requires to be rewarded with a lower burden on the economy and the\nenvironment. Increased efforts on demand management through policy driven incentives are required to meet\nthis goal amidst high economic growth.\nUpgrading the transport modes to more efficient systems along with transport infrastructure development and\nstimulating the use of other forms of energy beyond petroleum products through policy interventions would be\nrequired to effectively manage energy use in transport, the largest consuming sector of commercial energy.\nThe relatively high share of renewable energy (RE) in the country\u2019s primary energy portfolio is bound to\nprogressively reduce because the major portion of hydropower potential has already been tapped. With the\nshifting of household energy use toward fossil fuels, the growing demand for all forms of energy is increasingly\nbeing met with fossil fuels. Water resources serve multiple needs, power generation being the third priority\nafter drinking water and agricultural demand, further complicating issues related to projects such as the Mahaweli\nStage II development. A paradigm shift of policy is envisaged to defend and improve the share of renewables in\nthe primary energy supply from the level maintained at 55% during the last decade.\nThe National Energy Policy and Strategies present how Sri Lanka plans to meet the challenge of developing and\nmanaging the energy sector to ensure delivery of reliable, cost-effective, and competitively priced energy\nservices from diverse sources to fuel the social market economy.\nSri Lanka weathered many energy crises over the last few decades due to resilience garnered from many deep\nroots. These roots can be identified as the impressive use of biomass resources, year-round sunshine and\nhigher rainfall, combined with frugal lifestyle of her people and the small geographical expanse of the country.\nHaving nourished the national economy from these deep roots, Sri Lanka was first in the region to bare fruits,\nin terms of extending the coverage of the national electricity supply to serve the whole country with an\nuninterrupted supply. The reliability of energy systems has attracted services sector to the country, leveraging\nmore economic benefits to the country with the least possible input of energy. This has caused a structural\nchange in the economy towards services, in sharp contrast to other developing economies experiencing steep\ngrowth in the energy intensity of economy.\nReliability and affordability of both indigenous and global energy supplies will be the most desirable ingredient\nin this economy in transition. The country is looking into a future where strong emphasis will be on developing\nthe increasingly competitive newly assessed resources for electricity generation such as wind and solar. Biomass,\nprobably the most important energy resource, will play an even more valuable role by making a transformation\nto a convenient fuel for household use and a dependable resource for industrial thermal energy supply.\nSri Lanka desires to be elevated to an \u2018energy empowered\u2019 nation by developing strategies and conversion\ntechnologies to use the vast indigenous resources. Whilst continuous efforts will be made to strengthen the\npetroleum sector from upstream resource development to downstream diversification, initiatives will be made\nto elevate the status of electricity as a major energy carrier. Energy transition in the transport sector, from\nliquid petroleum dominance to other energy carriers will be actively pursued. Electricity will take the pride of\nplace in the quest for discovering new energy carriers, drawing resources from increasing amounts of indigenous\nresources, whilst securing supply routes for global resources. Whilst securing land resources for important\nenergy infrastructure elements such as gas terminals, electricity generation sites and transmission corridors,\nenergy storage will be taken as a prime carrier to transcend the space and time boundaries which constrained the\ntraditional energy systems.\nAligning Sri Lanka with Goal 7 of the Sustainable Development Goals (SDGs) of the UN, this policy would\ncontribute to achieve universal access to affordable, reliable, sustainable and modern energy for all by 2020, a\ndecade ahead of theUN target. The policy will also contribute to reduce the dependence of Sri Lanka on fossil\nfuels to below 50% of the primary energy supply and to reduce the specific energy use across all end-uses by\n20% of 2015 level, by 2030. This policy will pave the way to realise the vision of Sri Lanka in achieving carbon\nneutrality and complete transition of all the energy value chains by 2050. The policy provides the necessary\nspace for establishing key manufacturing industries supplying sustainable energy technologies to the local market and forge alliances with other developing countries through South-South cooperation by developing\nknowledge products and sustainable energy technologies in line with Goal 7 of the SDGs.\n\nThis policy document has three sections:\nTheNational Energy Policy, stating the ten pillars of the policy framework\nImplementing Strategies, describing the specific strategies to implement the policy\nThe Results Delivery Framework, elaborating the specific actions, milestones and the institutions responsible\nThis policy supersedes all previous policies, strategies,plans and guidelines published from time to time. This national\nenergy policy and implementing strategies will be in effect until it is reviewed in consideration of any major changes\nin the external environment. Such policy reviews will be conducted at least once in six years. The Results Delivery\nFramework, (separately published) aligned with the policy and strategies will be revised in two-year intervals.\n\n#2 The National Energy Policy\nThe primary objective of the energy policy is to ensure energy security through supplies that are cleaner,\nsecure, economical and reliable, to provide convenient, affordable energy services to support socially equitable\ndevelopment of Sri Lanka. Policy guidelines such as, the \u2018General Policy Guidelines on the Electricity Industry\u2019\nas required under Sri Lanka Electricity Act No. 20 of 2009 statutorily required to be issued for each sub sector,\nare expected to be prepared and issued, based on this national energy policy.\nWorking through the conflicting demands from the security, equity and sustainability dimensions, known as the\nenergy trilemma, Sri Lanka today is seen to be moving away from the delicate balance of these three forces.\nThe national energy policy is thus founded on ten pillars, rooted in the broad areas impacting the society,\neconomy and the environment, in an effort to counter balance the forces through enhanced equity, security and\nsustainability, respectively.\n1. Assuring Energy Security\n2. Providing Access to Energy Services\n3. Providing Energy Services at the Optimum Cost to the National Economy\n4. Improving Energy Efficiency and Conservation\n5. Enhancing Self Reliance\n6. Caring for the Environment\n7. Enhancing the Share of Renewable Energy\n8. Strengthening Good Governance in the Energy Sector\n9. Securing Land for Future Energy Infrastructure\n10. Providing Opportunities for Innovation and Entrepreneurship\n\n\nThe ten pillars are described in greater detail below\n1) Assuring Energy Security\nPrimary and secondary energy supplies of the country will be secured to ensure continuity, adequacy and\nreliability.\n2) Providing Access to Energy Services\nAccess to reliable, convenient, affordable, equitable and quality energy services will be provided to all citizens\nto improve their living standards and to engage in gainful economic activities.\n3) Providing Energy Services at the Optimum Cost to the National Economy\nEnergy services will be provided at the optimum long-term cost, to lower the burden on the national economy\nand to achieve competitiveness of locally produced goods and services in international markets.\n4) Improving Energy Efficiency and Conservation\nEfficient use of energy will be promoted in all sectors and across the energy value chain, engaging both the\nsuppliers and users.\n5) Enhancing Self Reliance\nIndigenous energy resources will be developed to the optimum levels to minimise dependence on imported\nresources, subject to resolving technical, economic, environmental and social constraints, with the objective\nof minimising the vulnerability of energy supplies to external situations.\n6) Caring for the Environment\nA meaningful contribution to climate change will be made by maintaining the low carbon intensity of the Sri\nLankan energy sector. Adverse environmental and social impacts of energy services will be minimised to care\nfor the global and local environment.\n7) Enhancing the Share of Renewable Energy\nIndigenous renewable energy resources will be developed to the optimum level to attain sustainability and a\nhigher degree of resilience in the energy sector.\n8) Strengthening Good Governance in the Energy Sector\nGovernance of the energy sector to be strengthened to realise accountability, fairness and transparency to\nachieve investor and consumer confidence. A stable policy environment will be ensured, and the regulatory\nframework will be further strengthened to assure good governance in the energy sector.\n9) Securing Land for Future Energy Infrastructure\nStrategic locations for establishing energy facilities and corridors which inter connect such facilities will be\nearmarked and secured in advance to ensure timely implementation of such facilities and to minimise adverse\nsocial impacts.\n10) Providing Opportunities for Innovation and Entrepreneurship\nConsidering the limitation to the scale of markets available in Sri Lanka to breed technology intensive local\nbusinesses, the relatively large size of the energy sector will be utilised to nurture local entrepreneurship and\ninnovation.\n\n\n#3. Implementing Strategies\nThe broad strategies to implement the national energy policy are detailed in this chapter, aligned with the\naforementioned ten pillars:\n3.1 Assuring Energy Security\nPrimary and secondary energy resources and supplies used in the country will be secured to maximise the\ncountry\u2019s energy supply reliability, continuity and adequacy, and strategic independence by employing the\nstrategies:\n3.1.1 Diversity in energy resources used in electricity generation will be ensured subject to economic,\nenvironmental, technological and operational requirements.\n3.1.2 Considering the recent price profiles, natural gas would be the next fossil fuel option for the country\nto broaden diversity.A liquefied natural gas(LNG) terminal of optimum size and technology would\nbe established at the most suitable location. Considering the impact to the country\u2019s energy security,\noperation of the first terminal and LNG procurement shall be kept under state control.\n3.1.3 Global diversification of energy sources will be pursued to safeguard the supply chain against external\ngeo-political uncertainties.\n3.1.4 Percentage installed power generation capacity from a single imported fuel shall not exceed 50%\nof the total installed firm capacity to safeguard against geopolitical uncertainties and fuel price\nshocks.\n3.1.5 Adequacy and reliability of transmission and distribution infrastructure in both electricity and fuel\nsupply networks to meet any future contingencies will be ensured.\n3.1.6 Regular risk and assessments will be conducted to identify and mitigate possible internal, external\ncontingencies that could critically affect the performance of the energy sector.\n3.1.7 Indigenous petroleum resources will be explored using geophysical surveys, and the national\npetroleum data repository will be strengthened. Such resources will be strategically developed to\nintroduce into all sectors including power generation, transport, household and industry, as well as\nto generate futuristic cleaner energy sources such as hydrogen and gas to liquids (GTL).\n3.1.8 National requirements of electricity will be met with proven generation technologies and fuel sources.\n3.1.9 Maintenance of strategic fuelreserves in strategic locations in the country will be made mandatory\nfor all key players in electricity and petroleum industries.\n3.1.10 Local crude oil refining capacity will be expanded to optimally satisfy the country\u2019s demand for\ndifferent petroleum products.\n3.1.11 Viable cross-border electricity transmission and cooperation with countries in the region will be\npursued on the basis of multilateral power pool operation\n3.2 Providing Access to Energy Services\nAccess to reliable, convenient, affordable, equitable and quality energy services will be provided to all\ncitizens to enhance their living standards and to engage in gainful economic activities, by employing the\nstrategies:\n\n3.2.1 Access to electricity using either on-grid or off-grid sources and to modern petroleum products\nwill be ensured to all citizens in the country.\n3.2.2 Small and medium enterprises will be supported by socialising part of initial electricity service\nconnection costs via tariffs.\n3.2.3 Households which remain unconnected to national grid due to un-affordability, even after gaining\naccess, will be connected using innovative financing schemes.\n3.2.4 New productive uses for electricity in agriculture, rural and primary industries will be encouraged\nwith emphasis on empowerment of women and youth.\n3.2.5 The supply quality of energy services by electricity, gas and oil utilities will be improved through\nadoption of appropriate technical and commercial quality standards.\n3.2.6 Minimum service quality standards will be introduced for common utility services. Additionally,\npremium services will be offered to customers who are willing to pay for such higher service\nquality levels.\n3.2.7 Equipment used in the energy supply chain will be standardised to ensure compatibility, ease of\nintegration and safety of energy supply.\n3.2.8 Considering the superior reliability, increased safety and lower interference with tree cover,\nelectricity distribution networks will be gradually placed underground in urban areas and converted\nto insulated aerial bundled conductors (ABC) in other areas.\n3.2.9 Pipeline transport and vehicle-based transport will be promoted in downstream gas and oil supply\nsector to improve access by industries and households to feed appropriate distribution networks at\nthe user end.\n3.2.10 Smart grid technologies will be introduced, and smart metering will be deployed for enhanced\ncustomer experience, and to automate power system management, reducing manual intervention\nwhere such interventions are uneconomical.\n3.2.11 Mobile and internet-based services will be introduced to enhance customer convenience.\n3.3 Providing Energy Services at the Otimum Cost to the National Economy\nEnergy Service will be provided at the optimum long-term cost, to lower the burden on the national\neconomy and to achieve competitiveness of locally produced goods and services in international markets\nby employing the strategies\n3.3.1 Power plants identified in the Long-Term Generation Expansion Plan will be implemented as\nscheduled.\n3.3.2 Receiving, processing, storage, transport and distribution capacity requirements of the petroleum\nsector will be identified in long term planning and will be developed in time to ensure adequate\nsupply of petroleum products.\n3.3.3 Rational energy pricing strategies, based on the principles of cost reflectivity across the energy\nvalue chain will be adopted through existing and new regulatory mechanisms, to ensure financial\nhealth of sector utilities and to discourage wasteful energy use.\n\n3.3.4 The government will identify and provide transparently funded subsidies to target groups of energy\nusers in household, industrial and commercial sectors,that deserve special consideration owing to\ntheir economic standing and contribution to national economic development priorities.\n3.4 Improving Energy Efficiency and Conservation\nEnergy systems will be effectively managed to ensure efficient use and conservation of energy. Efficient\nuse of energy by all concerned, from utilities to final customers will be pursued employing the strategies:\n3.4.1 The national energy efficiency improvement and conservation programme will be further\nstrengthened engaging all stakeholders in household, industrial and commercial sectors.\n3.4.2 Energy efficiency improvement and conservation will be promoted through minimum energy\nperformance standards and labelling of appliances, and by introducing green procurement processes\nin state and private sector organisations.\n3.4.3 A home productivity improvement programme, with energy efficiency and conservation as the central\ntheme will be launched to empower women.\n3.4.4 Taxation and other incentives and disincentives to support the market for efficient technologies\nwill be introduced.\n3.4.5 Expert energy advisory services will be offered through state and private sector service providers\nto promote energy efficiency, conservation and energy cost reduction across all end use sectors.\n3.4.6 Water resources will be recognized as a valuable indigenous energy resource.Efficient use of water\nby competing users at places where there is a high opportunity cost to water will be enhanced.\n3.4.7 Conversion efficiency of power generation facilities will be enhanced.\n3.4.8 A strategic plan for street lighting will be formulated to ensure proper management of street lighting\nthat will enhance the safety of road users, and to contribute to energy conservation with a better\naesthetic sense.\n3.4.9 Automated demand response technologies will be considered as a main demand-side management\nstrategy.\n3.4.10 Losses in energy delivery networks will be reduced to optimum levels.\n3.4.11 Losses incurred in petroleum refining will be reduced by continuous technology infusion with new\ninvestments.\n3.4.12 Transport fuel use in petroleum distribution will be reduced by utilising regional storage facilities\nconnected with the rail-based supply network.\n3.4.13 Virtual offices and video/teleconferencing will be promoted by making necessary changes to\norganisational working culture as a strategy to minimize physical movement.\n3.4.14 Transport energy use will be reduced by undertaking \u2018avoid, shift and improve\u2019 strategies with a\nstrong focus on high quality public transport and intelligent traffic management solutions.\n3.4.15 Economic activities will be developed in dense clusters to benefit from lower logistic costs and\nimproved synergies in special zones identified as smart cities, served by smart grids.\n3.4.16 Sustainable neighbourhoods will be used as a key design element in urban development with the\nobjective of reducing energy demand.\n3.4.17 Energy efficiency will be a primary concern in retrofits, and new building designs will be evaluated\nfor their energy performance on a mandatory basis.\n3.4.18 Smart technologies, including smart buildings and complete conversion to smart metering will be\nensured to convey price signals to customers, altering the demand profile to reduce the overall cost\nof supply.\n3.4.19 Fuel efficiency of vehicles would be a key consideration in deciding applicable taxes on vehicles to\nencourage a higher efficiency vehicle fleet.\n3.5 Enhancing Self Reliance\nIndigenous energy resources will be developed to optimum levels to minimise dependence on imported\nresources, subject to resolving technical, economic, environmental and social constraints, with the\nobjective of minimising the vulnerability of energy supplies to external situations and to attain a higher\ndegree of resilience in the energy sector, employing the strategies:\n3.5.1 Oil and natural gas resources of the country will be explored. Commercial scale exploitation will\nbe strategically phased, giving due consideration to higher future value and possible use in the\nfuture as a locally available fuel source to derive cleaner futuristic energy sources such as hydrogen.\n3.5.2 Indigenous mineral resources such as Thorianite and other similar nuclear fuels with commercial\nresource potential will be explored, assessed and kept ready for development at the appropriate\ntime when conversion technologies are available.\n3.5.3 Renewable energy resources will be exploited based on a priority order arrived at, considering\neconomics, technology and quality of each resource.\n3.5.4 Availability of biomass will be enhanced by establishing dedicated energy plantations or plantations\nwith residue as a potential fuel, in prescribed biomass energy development areas. Commercial\navailability of biomass and biomass-based fuel products will be encouraged for utilisation in industrial\nthermal applications and household use. Processed biomass as a fuel source will be facilitated\nthrough efficient collection of existing resources, processing, value addition, storage and\ndistribution, and nurturing biomass supply chains.\n3.5.5 Improved biomass conversion devices such as cook stoves that are free from the general\ninconvenience associated with traditional biomass-based cooking and offer an experience similar\nto commercial fuel-based cooking devices, will be introduced and promoted for household use.\nThis strategy will help to retain the share of biomass as a fuel used for cooking applications and to\ndiscourage migration to petroleum fuels owing to convenience.\n3.5.6 Gradual diversification of transport energy in both rail and road transport from present oil dominance\nto electricity will be encouraged to increase overall conversion efficiency and to relieve the\ndependence on liquid petroleum fuels as the sole transport fuel. Further, appropriate time of use\ntariffs will be offered to attract additional demand from electric vehicle charging to periods of\nlower demand, and additional demand so added will be strategically used to enhance the integration\nof indigenous sources such as solar and wind.\n\n3.5.7 A sizable fund will be channelled to the Sri Lanka Sustainable Energy Fund operated by the SEA by\nevoking provisions in the SEA Act for charging a cess on fossil fuel imports and a resource royalty\nfrom renewable resources.Purposes of Sri Lanka Sustainable Energy Fund will be broadened to\nmeet the requirements of sustainable energy, electricity and petroleum sectors.\n3.5.8 Contribution of the rubber plantation industry as the major fuel wood supplier for thermal applications\nwill be duly recognised and suitable incentives will be provided to enhance the expanse of rubber\nplantations.\n3.6 Caring for the Environment\nNatural environment of the country will be preserved, and a meaningful contribution will be made to\naddress climate change, by adopting appropriate low emission processes and mitigation measures\nemploying the strategies:\n3.6.1 Environmental impacts of energy facilities will be minimised and mitigated using counter balancing\ninterventions such as carbon sequestration plantations. Existing hydropower catchments and land\nearmarked for future energy infrastructure too will be considered as potential land for such\nplantations.\n3.6.2 Impacts to the environment in the context of climate change due to the construction and operation\nof energy sector facilities will be minimised.\n3.6.3 Energy supply from cleaner sources and technologies will be encouraged to minimise harm to the\nlocal and global environment, while taking into consideration both the impacts on the national\neconomy and the long-term environmental benefits.\n3.6.4 Indigenous petroleum and nuclear energy resources will be developed to the optimum level with\nsufficient environmental safeguards,by encouraging market demand for such resources.\n3.6.5 National level plans will be implemented to utilise by-products from power generation with a\ncommercial value, such as fly ash and waste heat.\n3.6.6 Nationally Determined Contributions (NDCs) to global emission reduction goals will be made to\nmeet the national emission reduction obligations as agreed.\n3.6.7 Social and environmental externalities in the local context pertaining to the energy sector will be\nstudied and factored into decision making.\n3.6.8 Opportunities available under carbon trading mechanisms will be exploited and a proper mechanism\nwill be implemented to make use of the potential.\n3.6.9 Waste to energy projects will be favourably considered owing to the positive contributions such\nprojects make to dispose municipal solid waste, and any cost above the avoided cost of electricity\nwill be paid by the government/local authorities directly to the developer so as not to burden energy\nutilities.\n3.6.10 Necessary Health, Safety and Environmental (HSE) standards will be introduced and relevant\nregulations enforced, making it an offence for a person to operate any energy related infrastructure\nwithout complying with the prescribed HSE standards.\n\n\n3.7 Enhancing the Share of Renewable Energy\nEnergy supply from renewable energy resources in the country\u2019s energy mix will be increased to reduce\npressure on foreign exchange, as a means of engaging the local community in the energy industry, attain\nsustainability and to promote the use of environmentally friendly energy sources employing the strategies:\n3.7.1 Long delays encountered in renewable energy development will be reduced through a centrally\ncoordinated project approval process.\n3.7.2 Renewable energy investments for electricity generation will be realised through a competitive\nscheme to reduce the costs and to facilitate wider investor participation.\n3.7.3 Transmission infrastructure will be strengthened to improve the absorption of electricity generation\nfrom renewable sources.\n3.7.4 Distribution infrastructure will be upgraded with smart grid technologies to facilitate renewable\nenergy-based distributed generation.\n3.7.5 Research will be conducted to overcome adverse impacts of renewable energy absorption to the\npower system from intermittent sources such as wind and solar energy.\n3.7.6 Effective forecasting technologies for wind, solar and rainfall will be introduced so that optimum\nuse of renewable resources could be realised.\n3.7.7 Energy storage solutions will be encouraged for firming intermittent renewable sources, voltage\nand frequency regulation, local grid support, peak shaving and improving grid resilience.\n3.7.8 Innovative financing schemes and financial instruments involving both public and private enterprises\nwill be introduced to encourage renewable energy development.\n3.8 Strengthening Good Governance in the Energy Sector\nGood governance in all aspects of the energy sector shall be the guiding principle, and good governance\nin the energy sector will be strengthened to realise accountability, fairness and transparency to achieve\ninvestor and consumer confidence. A stable policy environment and regulatory frameworks will be\nestablished and further strengthened to assure good governance in the energy sector, employing the\nstrategies:\n3.8.1 All sub sectors in the energy industry will be brought under respective regulatory framework.\n3.8.2 Procurement of plant, equipment, crude oil and other fuels, as well as power purchase agreements\nand similar concessions, will be made through a streamlined competitive bidding scheme ensuring\ntransparency,accountability and avoiding long term delays.\n3.8.3 Capability of the energy sector professionals to meet challenges in the emerging competitive\nenvironment will be enhanced by facilitating exchange programmes between similar entities in\nforeign countries and cross posting within Sri Lankan sector entities.\n3.8.4 Digitalisation of the energy sector entities using an enterprise resource planning platform will be\ntaken as a priority, spanning the whole length of the value chain from smart meters, addressable\nappliances and smart grids that allows further adoption of new technologies such as artificial\nintelligence (AI), internet of things (IoT) and distributed ledgers to drive efficiency, transparency\nand optimisation of asset utilisation.\n\n3.8.5 A guideline on management of digital information to ensure security of digital information, covering\nthe aspects of storing, use and management will be introduced.\n3.8.6 Digitalisation of utility transactions will be used to secure and store data in cloud based central\ndatabases and the data, information and knowledge thus assimilated in the energy sector will be\nindexed, catalogued and securely stored for future use and will be treated as knowledge assets.\n3.8.7 A conducive environment shall be created for independent decision making in a transparent and\naccountable manner, supported by the analyses performed using real time insights produced by\ndigitalisation.\n3.8.8 Energy sector transactions will be reported by relevant entities to the SEA on a fixed annual schedule,\nthrough a working group of officials from key sector institutions to ensure timely publication of\nthe Sri Lanka Energy Balance.\n3.8.9 Indices which can assist the understanding of energy sector trends will be identified and included in\nnational statistics to help evidence-based decision making.\n3.8.10 Active engagement of citizens in the energy sector will be promoted using web portals linked to\napplications for mobile phones, leading to awareness creation, grievance handling and education,\ntargeting the closure of trust deficit, greater acceptance of energy sector projects, user safety and\nimproved end-user behaviour of energy services.\n3.9 Securing Land for Future Energy Infrastructure\nConsidering limitation to land with specific attributes that are required to develop certain technologies\nand considering the extensive financial losses incurred in the past owing to shifting of sites to locate\npower plants, strategic locations to establish future energy infrastructure will be earmarked and secured\nin advance to ensure timely implementation of such facilities and to minimise adverse social impacts,\nemploying the strategies:\n3.9.1 Suitable sites to locate future energy infrastructure such as coal, natural gas and nuclear power\nplants, refineries and terminals will be strategically earmarked in advance following preliminary\nfeasibility studies, so that the public can avoid using such sites, resulting in minimal relocation and\nsocial impacts at the time of actual development.\n3.9.2 Best sites to locate large scale renewable energy infrastructure such as wind and solar farms would\nbe identified in advance and marked on a master plan so that they can be developed as large\nconcentrated facilities in phases.\n3.9.3 Corridors for petroleum and gas pipe transport and for backbone electricity transmission would be\nidentified, giving priority to shared corridors for the benefit of national infrastructure planning.\nIdentified routes would be published for the purpose of giving advance information to the public.\n3.9.4 Available corridors will be used to lay multiple pipelines and power transmission lines wherever\npossible.\n3.9.5 All existing and future underground utility infrastructure including electricity, water, communication,\ntown gas and petroleum would be made available in a common mandatory geographic information\nsystem (GIS) to facilitate optimal location of future underground cable routes and pipe transport\ntraces.\n3.9.6 Roadside utility infrastructure corridors including electricity distribution, sewer, water,\ncommunication and gas supply shall be coordinated with transport infrastructure, in such a manner\nthat clear demarcation of ownership, flexibility of maintenance, and room for expansion would be\nensured.\n3.10 Providing Opportunities for Innovation and Entrepreneurship\nConsidering the limitation to the scale of markets available in Sri Lanka to breed technology intensive\nlocal businesses, the relative vastness of the energy sector will be utilised to nurture local entrepreneurship\nand innovation by actively engaging the strategies:\n3.10.1 Electricity will be recognised as the dominant energy carrier of the future, and strategic ventures to\nutilise local resources in energy conversion and storage equipment will be nurtured as an\nindustrialisation thrust.\n3.10.2 Development of novel information and communications technology (ICT) applications such\nasforpower system automation, remote control, distributed real time event and data acquisition\nsystems, and smart metering will be encouraged.\n3.10.3 Sri Lankan enterprises will be encouraged to engage in energy sector infrastructure development.\n3.10.4 Research and development on introducing, adopting and implementing new and emerging renewable\nfuel sources,efficient energy conversion and end use technologies will be promoted.\n3.10.5 Innovation will be facilitated by providing protection to intellectual property, safeguarding the same\nuntil commercialisation and by nurturing nascent technologies through financial incentives and tax\nbenefits.\n3.10.6 Indigenous knowledge and capacities required for energy sector development will be realised.\n3.10.7 Potential offered by vehicle energy storage systems (ESS) will be studied considering ESS as a\nlocal standby energy storage device, deploying those as an automated demand response (ADR)\noption and a load profile management too.\n3.10.8 Small scale on-grid distributed and off-grid stand-alone applications using renewable energy with\nlocal value addition will be encouraged as an economic development thrust.\n\n#4. Results Delivery Framework\nThis chapter describes the targets and likely timeframes associated with expected policy intents\nand the assignment of responsibilities of realisation of policy intents.They are to be reviewed\nin two-year intervals and re-stated for the period ahead.\n\n4.1 Assuring Energy Security\nTo execute strategies identified to realise energy security, the following targets and\nmilestones will be met by the institutions to which responsibilities are assigned.\n1a Feasibility of cross border electricity transfer with countries in the region will be\nstudied and documented by end 2021.\n1b Feasibility of the Sapugaskanda oil refinery expansion project will be evaluated\nby end-2020undertaking a study to determine the optimum capacity, and a\npreliminary investigation on establishing a second refinery will be undertaken by\nmid-2021 by the Ceylon Petroleum Corporation.\n1c Every player in the petroleum subsector and all grid connected thermal power\nplants shall jointly maintain a strategic fuel reserve equivalent to a minimum 30\ndays\u2019 consumption at any given time. The Petroleum Corporation and the CEB\nshall be jointly responsible to agree on targets for local storage capacity to be\ndeveloped and maintained by either party. All future power plant specifications\nmust contain appropriate storage capacities to be maintained locally.\n1d A high-level standing committee to be titled as \u2018Energy Sector Risk Assessment\nPanel\u2019to be established with sufficient representation from key sectors by end\u00022019to assess possible internal and external contingencies that could critically\naffect the performance of the energy sector. Members of this committee must\nalso include co-opted specialists on the subject of risk assessment and be given\nthe required training on how to identify such risks.This panel must meet\nperiodically and identify such contingencies based on probability-impact analysis\nand advise sector agencies to prepare plans to mitigate impacts of the same.\nSecretary of the Ministry in charge of the subject of electricity shall be responsible\nto appoint and convene this panel.\n1e An inventory of indigenous energy resources, both renewable and non\u0002renewable,will be developed and published by SEA and PRDS by end-2020.Air\nborne gravity/magnetic data will be acquired and processed by end 2019 and 2D/\n3D seismic data in selected locations in Mannar and Cauvery Basins will be\ncompleted by 2022.\n4.2 Providing Access to Energy Services\nTo ensure access to reliable, convenient, affordable, equitable and quality energy services\nto all citizens to enhance their living standards and to engage in gainful economic\nactivities, the following targets and milestones will be met by institutions to which\nresponsibilities are assigned;\n2a To encourage prospective small and medium scale industries and businesses, the\ninitial cost of obtaining an electricity connection, which may be considerable at\npresent compared with the capital cost of the business, will be reduced by offering\na special concessionary package under which the entire cost of the transformer\nfor contract demands up to 100kVA will be waived-off and be socialised through distribution tariffs. This should be fully implemented from January-2021by CEB/\nLECO, accompanied with an appropriate campaign giving wide publicity through\nmedia.\n2b The initial cost in providing a new connection to recover infrastructure cost by\nelectricity distribution utilities will be completely phased out by end-2022, to all\ncategories of customers.Such costs will be socialised through distribution tariffs,\naiming at improving the country\u2019s rank below 50, in \u2018ease of doing business\u2019 index.\n2c Optional \u2018same day\u2019 service connections to households and other retail customers\nto be provided on the payment of a premium fee for any prospective customer by\nmid-2020.Similarly, a portfolio of other cost recovery services shall be offered\nat a premium for customers who are in need for expeditious service delivery.\nTimeline for regular service will be subject to codes on commercial quality\nspecified by PUCSL.\n2d Commercial supply of biomass and biomass-based fuel products will be doubled\nto reach one million tonne per year for using industrial thermal applications and\nhouseholds through the establishment of 20,000 hectares of biomass plantations\nwithin the period 2020-2023as an initiative of SEA.Government land, soft\nfinancing and other fiscal incentives will be offered to businesses that provide\nfuel wood including dedicated energy plantations and other commercial plantations.\n2e To encourage improved, convenient, commercial biomass fuel products and\nconversion technologies for household use, SEA shall ensure that fiscal incentives\nare provided to entrepreneurs who are engaged in the manufacture and distribution\nof equipment using such technologies (e.g. improved cook stoves and mini\u0002gasifiers)by end-2020. SEA shall ensure a minimum 5% penetration of improved\nstoves using commercialised biomass fuels by 2021.\n2f Supply quality standards of fuels supplied by petroleum utilities will be determined\nand enforced on a voluntary basis by mid-2020 and on mandatory basis by end\n2021 by PUCSL, and quality test reports will be published.\n2g Supply and service quality standards of energy services by the utilities will be\ndetermined and enforced on voluntary basis by end 2020 and on mandatory basis\nfrom end 2021 by PUCSL.\n2h All new low voltage distribution networks will use all-insulated ABC with\nimmediate effect. Low voltage overhead electricity distribution networks outside\nurban areas will be completely converted to all-insulated ABC by 2025. Distribution\nnetworks in urban areas will be converted to an underground network by 2030.\n2i A technical audit covering the whole value chain of the utilities will be carried\nout. Specifications, status and standards of key equipment will be recorded, and a\nstandardisation programme will be launched within 2020 by the CEB and the LECO.\n2j Feasibility of extending and introducing new pipeline transport facilities for both\nliquid and gaseous fuels to serve dense clusters of industrial and residential users\nwill be studied by 2021.\n2k Five pilot projects, covering the five distribution licensees will be launched by\nthe CEB and the LECO within 2020 to identify smart grid and smart metering\ntechnologies which can deliver value to the country.\n\n2l Smart meters and pre-paid meters shall be offered on-demand to any customer\nby mid-2020.\n2m At least 50% of all standard services offered by the CEB and the LECO to be\nmade optionally available through mobile and internet platforms too, including\npayments and tracking of progress, by mid-2020 so that customers are not required\nto visit utility offices to initiate such services. By end-2021, all standard services\nto be offered optionally via mobile and internet.\n4.3 Providing Energy Supply Services at the Optimum Cost to the National Economy\nTo ensure that energy services are provided at the optimum long-term cost to lower the\nburden on the national economy, the following targets and milestones will have to be\nmet by the institutions to which responsibilities are assigned;\n3a A transparent pricing methodology for electricity and fossil fuel products will be\ndeveloped and implemented by mid-2020 by the CEB, the CPC and other sector\nplayers through a regulatory mechanism established by the PUCSL.\n3b The life-line electricity tariff will be limited only to low-user household customers\nusing less than 30kWh per month. A study will be conducted by MoPE in 2020 to\ndecide other target groups of energy users that deserve special consideration,\nthe subsidy amount and the source of funds.\n3c A short-term and medium-term planning mechanism, and a continuous planning\nprocedure will be established for the petroleum sector, including both liquid and\ngaseous fuels by end 2019. First plan to be issued in 2020.\n4.4 Improving Energy Efficiency and Conservation\nEnergy systems will be efficiently managed and operated while ensuring efficient\nutilisation and conservation of energy. The following targets and milestones will have\nto be met by the institutions to which responsibilities are assigned.\n4a Specific energy use in end-user activities will be reduced by 10% of 2015 level\nby 2023as part of the national energy efficiency improvement and conservation\nprogramme, saving 1,243GWh of grid electricity generation by 2023.\n4b Minimum energy performance standards for LEDs and energy labelling for air\u0002conditioners, personal computers, refrigerators, ceiling fans, linear fluorescent\nlamps/ballasts and induction motors will be enforced by mid-2020.\n4c Penetration of efficient, low smoke, low soot biomass cook stoves will be\nincreased to 10% of households by 2022. Processed, commercialized biomass\u0002based fuels used in such stoves will be made widely available across the retail\nmarket by creating an enabling environment.\n4d \u2018Energy Manager\u2019 scheme will be implemented on a mandatory basis by end 2019to\ndesignated users and extended to the remaining institutional users by 2020.\n4e Reduced duty and taxation of efficient equipment supported by an accelerated\ndepreciation scheme will be offered to building renovation and retrofitting\nindustry to improve the energy efficiency of the existing building stock by 2020.\n\n4f A differential taxation scheme for commercial buildings will be introduced, based\non a simplified energy utilisation index by end 2020. A similar scheme to support\nthe market for efficient technologies will be introduced by end-2020, through a\ngreen procurement process led by the state sector.\n4g Power generation facilities will be subjected to a thorough energy audit to evaluate\ngenerator efficiencies and efficiency of auxiliary systems, and a sector-wide\nefficiency improvement programme will be launched in 2020.\n4h A lighting standard for street lighting, to cater to rural, urban and major road\nillumination including other public space lighting requirements will be introduced\nand implemented on a mandatory basis within 2020.\n4i A pilot scale automated demand response project will be implemented by mid\u00022021, and the techno-economic viability of the intervention will be documented\nfor scaling up as appropriate.\n4j Overall system losses in the electricity grid will be reduced to 7.5% of net\ngeneration by 2020.\n4k Reactive power management will be further intensified by introducing a scheme\nto discourage demand for reactive energy by end users through an appropriate\nvolume-based fee.\n4l Modal share of mass transport will be enhanced by a margin of 10%compared to\nthe 2016 share by 2023 by adopting avoid, shift and improve strategies and\nintelligent multimodal transport management solutions for major cities in the\ncountry, by Ministry of Transport and Civil Aviation.\n4m At least 30% of all government institutional head offices and regional head offices\nto have teleconferencing facilities to hold tele-meetings by 2021. All main\ngovernment offices must have teleconferencing facilities by 2020. The participation\nof officers, who require more than one hour of travel time to participate at meetings\nmust be discouraged from attending physically and be connected via\nteleconferencing facilities established at all ministries from end 2019.\n4n All routine services offered at government agencies that do not require physical\npresence must be made available via internet or mobile phone to minimize transport\nenergy use from 2020.\n4o A performance-based energy efficiency building code for commercial buildings\nwill be made mandatory by end 2019and a voluntary scheme for domestic sector\nwill be introduced by end 2019.\n4p Incorporation of building management systems with a focus on energy management\nand future opportunities in smart grid driven automated demand response will be\nmade a mandatory planning criterion for all commercial developments by 2020by\nthe UDA.\n\n4.5 Enhancing Self Reliance\nIndigenous energy resources will be developed to the optimum levels to minimise\ndependence on imported resources and to attain a higher degree of resilience in the\nenergy sector. The following targets and milestones will have to be met by the institutions\nto which responsibilities are assigned.\n5a Feasibility studies on the use of natural gas/renewable energy-based hydrogen\nand GTL in transport and other sectors will be carried out by 2022.\n5b Renewable energy resources will be exploited based on a priority order arrived\nat, considering economics, technology and quality of resource. Wind is identified\nas the second most promising renewable energy resource after hydropower and\nhighest priority is given to develop wind to realize a minimum 20% share of\nelectricity generated from renewable energy sources excluding major hydro, by\n2022by the SEA in association with relevant public and private sector players.\n5c At least 10,000 hectare of unproductive land will be prescribed as biomass energy\ndevelopment areas, and leased to developers by the SEA starting from 2020 over\na period of 5 years to develop as commercial timber cum fuel wood plantations.\n5d Biomass supply chains in five regions will be supported through improved\ncollection of biomass residue, mixed cropping and certification of sustainable\nextraction for a three-year duration until they reach commercialisation through a\npilot project by 2020 by the SEA.\n5e The most widely used suburban rail corridors between Colombo and the Airport,\nAvissawella, Negombo, Panadura and Veyangodawill be upgraded and electrified\nby mid-2023, and other viable railways in provincial city suburbs will be upgraded\nand electrified by 2025.\n5f At least 20% of all new light vehicle registrations shall be electric vehicles in\n2022. At least 25 new public electric vehicle charging stations with DC rapid\ncharging capability will be established at strategic locations by the CEB/LECO\nby 2020. SEA will encourage the private sector to set up their own charging\nstations to complement the CEB/LECO efforts, by securing fiscal incentives to\nthe industry.\n4.6 Caring for the Environment\nA meaningful contribution to climate change will be made by maintaining the low carbon\nintensity of Sri Lankan energy sector. Adverse environmental and social impacts of\nenergy services will be minimized to care for the global and local environment by\nachieving the following targets and milestones by the institutions to which\nresponsibilities are assigned;\n6a The CEB is to reduce incremental carbon footprint of electricity due to future\ncoal power plant additions by reducing GHG emission levels using carbon\nsequestration plantations. A feasibility study will be done by the CEB in 2020,\noutlining possible sequestration plantation options, land availability and financial\nanalysis.\n\n6b Stack emissions of energy sector facilities will be constantly\nmonitored and reported in the public domain by 2020, to manage\nand reduce emission burden from the energy sector.\n6c A closed loop storage and distribution system will be established\ngradually by the CPC starting from 2020 for lighter fuels with\nhigh potential for vaporisation.\n6d HSE standards for all energy sector utilities will be introduced\nby 2020 and fully implemented by 2022.\n4.7 Enhancing the Share of Renewable Energy\nRenewable energy resources in the country\u2019s energy mix will be\nincreased, meeting the targets and milestones;\n7a An advisory committee comprising ministry officials in-charge\nof different line agencies/custodians of land resources will be\nappointed to coordinate the approval of renewable energy\nprojects and acquisition of land resources for such projects by\nend 2019.\n7b After careful analysis of the network constraints, dispatch\noptions and resource characteristics, a comprehensive renewable\nenergy grid integration plan will be published by the CEB from\n2020 and periodically updated.\n7c A fully-fledged competitive bidding scheme for renewable\nenergyinvestments will be implemented through a resource\ndevelopment programme to realise a pipeline of \u2018ready to invest\u2019\nprojects by mid-2020 by the SEA, realising 20% of generation\nwitha cumulative renewable energy generation capacity of 1,600\nMW by 2023.\n7d Applications received by the SEA when feed-in tariffs were on\noffer, but held up due to the termination to feed in tariffs, which\nare at various stages of the approval process will be channeled\nto a competitive bidding model by using suitable interim\napproaches such as offering project proponents preferential\ntreatments when they were opened up for\ncompetition considering the maturity of a project, investments\nmade, etc. A list of such alternate options will be jointly\ndeveloped by the CEB and the SEAby mid 2020for different\ntechnologies, considering their inherent attributes so that all such\nprojects in abeyance could be expeditiously developed within a\ncompetitive bidding framework by end 2023.\n7e Advanced forecasting systems for hydro, solar and wind energy\nwill be established by the CEB along with other relevant line\nagencies by end-2020.\n\n7f A premium green tariff/green energy certification package will be offered to all\ninterested electricity customer segments as an optional tariff and a portion of\nincremental proceeds will be used for renewable energydevelopment by crediting\nto the Sri Lanka Sustainable Energy Fund.\n4.8 Strenthening Good Governance in the Energy Sector\nA stable policy environment will be established and regulatory frameworks will be further\nstrengthened to assure good governance in the energy sector by achieving the following\ntargets and milestones by the institutions to which responsibilities are assigned.\n8a Ministry in charge of the function of petroleum resource development shall ensure\nthat necessary legislation for upstream petroleum development are enacted by\nmid-2020, including necessary legislation to establish an upstream petroleum\ndevelopment regulatory mechanism.\n8b Establish a regulatory framework and empower an independent regulatory\ninstitution by enacting the necessary legislation to regulate downstream petroleum\nindustry, by end-2020.\n8c Functional units of CEB to adopt independent financial reporting from financial\nyear 2019, in accordance with the Electricity Act 2009.\n8d Digitalisation of the electricity utility sector will be launched by 2020, and\ncompleted through a phased approach by 2022, covering the whole value chain\nfrom the optimal operation of core assets to managing customer relationships.\n8e A data governance policy for ensuring the proper management of digital\ninformation of energy sector utilities will be introduced to ensure security, data\nquality and privacy by mid-2020.\n8f Reporting of energy sector transactions by key sector entities will be regularised\nby appointing a working group under the leadership of the SEA by end 2019, and\nthe Sri Lanka Energy Balance for each year will be published by the SEA within\nthe first six months after the end of each calendar year, commencing with that of\nyear 2019.\n8g All energy sector projects and investment opportunities will be identified and\ndocumented in self-standing project concept formats from 2020 by each agency\nfor easy take-up by investors and development partners on a competitive basis.\n8h Key Performance Indicators (KPIs) aligned with economic goals will be introduced\nfor energy utilities by end-2019, monitored and published by the respective\nMinistries from 2020.\n8i Establish clear guidelines to implement public-private partnership in developing\nenergy infrastructure, by mid-2020.\n8j Study and report the potential benefits and pre-requisites, and an action plan to\nestablish a wholesale market for electricity and to allow power wheeling in the\ntransmission and distribution network, by end-2020.\n\n\n8k An application will be developed for mobile phone access by\n2020, to engage the end users to increase awareness on best\nenergy options, record grievances, price trends and energy\nefficiency improvement by extending the online energy database\nalready operated by the SEA\n4.9 Securing Land for Future Energy Infrastructure\nStrategic locations to establish future energy infrastructure will be\nearmarked and secured in advance to ensure timely implementation of\nsuch facilities and to minimise adverse social impacts by achieving\nthe following targets and milestones by the institutions to which\nresponsibilities are assigned.\n9a A strategic facilities layout map, identifying suitable sites to\nlocate future energy infrastructure such as coal, natural gas and\nnuclear plants, refineries and terminals will be prepared by 2020\nin consultation with the National Physical Planning Department\nby a joint committee appointed for the purpose.\n9b A master plan identifying the best sites to locate large scale\nrenewable infrastructure such as wind and solar farms would be\nformulated and published by end 2019with a development time\nhorizon 2020-2025.\n9c Petroleum, gas pipe transport and backbone electricity\ntransmission line corridors that are to be developed during 2020\n- 2030 will be identified and published as a map by a joint\ncommittee by 2020.\n9d Based on already available GIS elements, a national GIS database\ndepicting existing and future underground utility infrastructure\nincluding electrical, water, communication and petroleum will\nbe established by 2020 by the CEB.\n9e An inter-agency utility corridor coordination authority to resolve\nconflicts will be established by2020.\n4.10 Providing Opportunities for Innovation and Entrepreneurship\nConsidering the vastness of the sector, opportunities available for\nresearch and development, and local value addition in the energy sector\nwhich can improve sector productivity will be actively pursued to\nengage the Sri Lankan innovators and entrepreneurs.\n10a A 25% local preference will be granted to Sri Lankan enterprises\nand joint ventures led by such enterprises to encourage such\nenterprises to engage in energy sector infrastructure\ndevelopment,from2019.\n10b A coordinated research and development network involving all\nresearch and development organisations will be established by\nthe SEA, assembling both industry and academia in a grand\nalliance by mid-2020, and ten pilot projects on home grown renewable energy\nconversion technologies and ten energy efficiency improvement technologies will\nbe introduced by the SEA by mid-2021, protecting intellectual properties amassed\nuntil commercialisation.\n10c Smart grid pilot projects will be deployed in five identified locations to\ndemonstrate the possibilities of better management of generation, transmission\nand distribution assets, to allow new and present customers to use electricity in\nthe most efficient manner and to allow large scale/deep penetrated deployment\nof dispersed renewable energy generators using advanced ICT in measurement,\ncontrol and management of electrical grids by end 2020 bythe CEB/LECO.\n10d An automated demand response pilot project will be implemented, and impacts\ndocumented to allow economic evaluation of the same as a future generation option\nby end 2021,by the CEB/LECO.\n10e Digitised data accumulated from the advent of digital technologies in utility\noperations will be retained, processed and used as a knowledge asset.\n10f Indigenous knowledge and capacities required for energy sector development will\nbe nurtured by introducing a contribution-based reward scheme to encourage\nindividual efforts by sector professionals and pooling of knowledge resources\nacross the energy sector by 2020.\n"}