{"Code": "NGA-NEPro-2022-EN", "Status": "Completed", "Country Name": "Nigeria", "Country Code": "NGA", "Category": "NEPro", "KeyWord to Search": null, "Document Title": "Energy Profile Nigeria", "Exists?": "Y", "Publication Date": "24th August, 2022", "Publication Year": "24th August, 2022", "Start Year": "2014", "End Year": "2022", "Language": "EN", "Link": "https://www.irena.org/-/media/Files/IRENA/Agency/Statistics/Statistical_Profiles/Africa/Nigeria_Africa_RE_SP.pdf?country=Nigeria&regionID=&countryID=05715bfe-251a-4076-ae39-2573a228efcd", "Content": "File Name: NGA-NEPro-2022-EN\nYear: 2022\nCountry Name: Nigeria\nCountry Code: NGA\nCategory: NEPro\nDocument Title: nan\nExists?: Y\nPublication Date: 24th August, 2022\nStart Year: 2014\nEnd Year: 2022\nLanguage: EN\n------------------------------------------------\n\nTotal Energy Supply (TES) 2014 2019\nNon-renewable (TJ) 1 558 766 1 631 884\nRenewable (TJ) 4 569 182 4 959 128\nTotal (TJ) 6 127 948 6 591 012\nRenewable share (%) 75 75\nGrowth in TES 2014-19 2018-19\nNon-renewable (%) +4.7 +22.8\nRenewable (%) +8.5 +1.3\nTotal (%) +7.6 +5.9\nPrimary energy trade 2014 2019\nImports (TJ) 854 157 941 008\nExports (TJ) 5 377 598 5 123 160\nNet trade (TJ) 4 523 441 4 182 152\nImports (% of supply) 14 14\nExports (% of production) 50 47\nEnergy self-sufficiency (%) 174 164\nCOUNTRY INDICATORS AND SDGS\nTOTAL ENERGY SUPPLY (TES)\nTotal energy supply in 2019\nRenewable energy supply in 2019\nNigeria\n15%\n10%\n0%\n75%\nOil\nGas\nNuclear\nCoal + others\nRenewables\n0% 1%\n99%\nHydro/marine\nWind\nSolar\nBioenergy\nGeothermal\n55%\n15%\n81%\n0%\n20%\n40%\n60%\n80%\n100%\n2014 2015 2016 2017 2018 2019 2020\n7.1.1 Access to electricity (% population)\n7.1.2 Access to clean cooking (% population)\n7.2.1 Renewable energy (% TFEC)\n53.5\n57.4 57.2 57.4 56.2 55.1\n0\n10\n20\n30\n40\n50\n60\n70\n2014 2015 2016 2017 2018 2019\nPM2.5\n(\u03bcm/m3\n)\nUrban Average Rural WHO safe\n11.6.2 Air particulate matter (PM2.5)\n5.0\n-4%\n4.6\n4.7\n4.8\n4.9\n5.0\n5.1\n5.2\n5.3\n5.4\n5.5\n5.6\n-5%\n-4%\n-3%\n-2%\n-1%\n0%\n1%\n2%\n3%\n4%\nUSD'000s 2017 PPP\nGDP per capita 8.1.1 Real GDP growth rate\n1,173\n0.0\n1 000\n2 000\n3 000\n4 000\n5 000\n6 000\n2014 2015 2016 2017 2018 2019\nUSD millions 2019\n7.a.1 Public flows to renewables\n7.3.1 Energy intensity\n6.4\n5.8\n5.9\n6.0\n6.1\n6.2\n6.3\n6.4\n6.5\n2014 2015 2016 2017 2018 2019\nMJ/USD GDP 2017 PPP\n7.b.1 Per capita renewable capacity\n10.4\n9.5\n 10\n 11\n 11\n 12\n 12\n 13\n2014 2015 2016 2017 2018 2019 2020\nW/ personn.a.\nConsumption by sector 2014 2019\nIndustry (TJ) 172 723 177 010\nTransport (TJ) 0 0\nHouseholds (TJ) 3 912 886 4 271 325\nOther (TJ) 117 148 121 360\nNon-renewable 11 010 84\nRenewable 2 154 16\n Hydro/marine 2 111 16\n Solar 33 0\n Wind 0 0\n Bioenergy 10 0\n Geothermal 0 0\nTotal 13 164 100\nCapacity change (%) 2016-21 2020-21\nNon-renewable + 6 + 0.1\nRenewable + 1 + 0.2\n Hydro/marine 0 0.0\n Solar + 78 + 14.9\n Wind 0 0.0\n Bioenergy + 1 0.0\n Geothermal 0 0.0\nTotal + 5 + 0.1\nGeothermal\nCapacity utilisation in 2020 (%)\nRenewable TFEC trend Renewable energy consumption in 2019\n 0\nNet capacity change (GW)\nNet capacity change in 2021 (MW)\nELECTRICITY CAPACITY\n+ 9\nHydro and marine\nSolar\n+ 4\nBioenergy\n 0\nWind\n 0\n 0\nRenewable capacity in 2021\nNon-renewable\nInstalled capacity trend\n4%\n93%\n3%\nIndustry\nTransport\nHouseholds\nOther\n1.9\n0.0\n0.5\n0.0 0.1 0.0 0.0 0.0 0.0 0.0 0.0 0.0\n0.0\n0.5\n1.0\n1.5\n2.0\n2.5\n2016 2017 2018 2019 2020 2021\nFossil fuels Renewable\n23%\n17%\n44%\n28%\n0 20 40 60 80 100\nGeothermal\nBioenergy\nWind\nSolar\nHydro/Marine\nNuclear\nFossil fuels\n98%\n2%0%\nHydro/marine\nSolar\nWind\nBioenergy\nGeothermal\n4 203 4 285 4 354 4 427 4 505 4 570\n 0\n 1 000\n 2 000\n 3 000\n 4 000\n 5 000\n2014 2015 2016 2017 2018 2019\nPetajoules (PJ)\nElectricity Commercial heat Bioenergy Geothermal Solar direct\n11 11\n13 13 13 13 13 13\n16%\n0%\n20%\n40%\n60%\n80%\n100%\n 0\n 2\n 4\n 6\n 8\n 10\n 12\n 14\n2014 2015 2016 2017 2018 2019 2020 2021\nRenewable share (%)\nGigawatts (GW)\nFossil fuels Nuclear Other Non-RE\nHydro/marine Wind Solar\nBioenergy Geothermal Renewable share\n1%\n99%Generation in 2020 GWh %\nNon-renewable 27 042 77\nRenewable 8 289 23\n Hydro and marine 8 226 23\n Solar 42 0\n Wind 0 0\n Bioenergy 21 0\n Geothermal 0 0\nTotal 35 331 100\n1 2021\n2 2021\n3 2020\n4 2019\n5 2019\nAvoided emissions based on fossil fuel mix used for power Calculated by dividing power sector emissions by elec. + heat gen.\nLATEST POLICIES, PROGRAMMES AND LEGISLATION\nElectricity generation trend\nENERGY AND EMISSIONS\nEnergy-related CO2 emissions by sector Elec. & heat generation CO2 emissions in\nPer capita electricity generation (kWh)\nNationally Determined Contribution (NDC) to the Paris Agreement: Nigeria\nNigerian Economic Sustainability Plan\nFramework for the implementation of intervention facility for the national gas expansion programme\nFDNIS ECOSTAND 071-2:2017EE: Minimum Energy Performance Standards Part 2: Air conditioning products\nNigeria's National Action Plan to reduce short-lived climate pollutants\nENERGY AND EMISSIONS\nAvoided emissions from renewable elec. & heat CO2 emission factor for elec. & heat generation \n 0\n 50\n 100\n 150\n 200\n2015 2016 2017 2018 2019 2020\nTotal Renewable\n0.0\n 20\n 40\n 60\n 80\n 100\n 120\n 140\n 160\n2015 2016 2017 2018 2019 2020\nMt CO2 Emissions\nElec. & heat Other Industrial Transport Other Buildings\n0%\n100%\n0%\nCoal + others\nGas\nOil\n0.0\n 5\n 10\n 15\n 20\n 25\n2015 2016 2017 2018 2019 2020\nMt CO2 Emissions\nEmitted CO2 RE Avoided CO2\n-48%\n419 439\n0.0\n 100\n 200\n 300\n 400\n 500\n 600\n 700\n2015 2016 2017 2018 2019 2020\ntCO2 /GWh\nNGA Africa World\n32\n29\n32\n34 34\n35\n23%\n0%\n20%\n40%\n60%\n80%\n100%\n 0\n 5\n 10\n 15\n 20\n 25\n 30\n 35\n 40\n2015 2016 2017 2018 2019 2020\nRenewable share (%)\nGigawatt-hours (GWh)\nFossil fuels Nuclear Other Non-RE\nHydro/marine Wind Solar\nBioenergy Geothermal Renewable shareWorld World Nigeria\nBiomass potential: net primary production Indicators of renewable resource potential\n Nigeria\nDistribution of solar potential Distribution of wind potential\n0%\n20%\n40%\n60%\n80%\n100%\nProportion of land area\n<260 260-420 420-560 560-670 670-820 820-1060 >1060\nWind power density at 100m height (W/m2)\n200\n0\n1\n2\n3\n4\n5 6\n7\n8\n9\n10\n11\n0%\n20%\n40%\n60%\n80%\n100%\nProportion of land area\n<1.2 1.2 - 1.4 1.4 - 1.6 1.6 - 1.8 1.8 - 1.9 1.9 - 2.0 >2.0\nAnnual generation per unit of installed PV capacity (MWh/kWp)\n2.5\ntC/ha/yr\nSolar PV: Solar resource potential has been divided into seven classes, \neach representing a range of annual PV output per unit of capacity \n(kWh/kWp/yr). The bar chart shows the proportion of a country's land \narea in each of these classes and the global distribution of land area \nacross the classes (for comparison).\nOnshore wind: Potential wind power density (W/m2) is shown in the \nseven classes used by NREL, measured at a height of 100m. The bar chart \nshows the distribution of the country's land area in each of these classes \ncompared to the global distribution of wind resources. Areas in the third \nclass or above are considered to be a good wind resource.\nBiomass: Net primary production (NPP) is the amount of carbon fixed by \nplants and accumulated as biomass each year. It is a basic measure of \nbiomass productivity. The chart shows the average NPP in the country \n(tC/ha/yr), compared to the global average NPP of 3-4 tonnes of carbon \n= Global average of 3-4 tC/ha/yr\nIRENA Headquarters\nMasdar City\nP.O. Box 236, Abu Dhabi\nUnited Arab Emirates\nwww.irena.org\nSources: IRENA statistics, plus data from the following sources: UN SDG Database \n(original sources: WHO; World Bank; IEA; IRENA; and UNSD); UN World Population \nProspects; UNSD Energy Balances; UN COMTRADE; World Bank World Development \nIndicators; EDGAR; REN21 Global Status Report; IEA-IRENA Joint Policies and \nMeasures Database; IRENA Global Atlas; and World Bank Global Solar Atlas and Global \nWind Atlas.\nAdditional notes: Capacity per capita and public investments SDGs only apply to \ndeveloping areas. Energy self-sufficiency has been defined as total primary energy \nproduction divided by total primary energy supply. Energy trade includes all \ncommodities in Chapter 27 of the Harmonised System (HS). Capacity utilisation is \ncalculated as annual generation divided by year-end capacity x 8,760h/year. Avoided \nemissions from renewable power is calculated as renewable generation divided by \nfossil fuel generation multiplied by reported emissions from the power sector. This \nassumes that, if renewable power did not exist, fossil fuels would be used in its place \nto generate the same amount of power and using the same mix of fossil fuels. In \ncountries and years where no fossil fuel generation occurs, an average fossil fuel \nemission factor has been used to calculate the avoided emissions.\nThese profiles have been produced to provide an overview of developments in \nrenewable energy in different countries and areas. The IRENA statistics team would \nwelcome comments and feedback on its structure and content, which can be sent to \nstatistics@irena.org. \nLast updated on: 24th August, 2022 "}