{"Code": "NGA-CPD-2023-EN", "Status": "Completed", "Country Name": "Nigeria", "Country Code": "NGA", "Category": "CPD", "KeyWord to Search": null, "Document Title": "Country programme document for Nigeria (2023-2027)", "Exists?": "Y", "Publication Date": "30 January \u2013 3 February 2023", "Publication Year": "30 January \u2013 3 February 2023", "Start Year": "2023", "End Year": "2027", "Language": "EN", "Link": "https://digitallibrary.un.org/record/3998938/files/DP_DCP_NGA_4-EN.pdf?ln=en", "Content": "File Name: NGA-CPD-2023-EN\nYear: 2023\nCountry Name: Nigeria\nCountry Code: NGA\nCategory: CPD\nDocument Title: Country programme document for Nigeria (2023-2027)\nExists?: Y\nPublication Date: 30 January \u2013 3 February 2023\nStart Year: 2023\nEnd Year: 2027\nLanguage: EN\n------------------------------------------------\n\n#I. UNDP within the United Nations Sustainable Development Cooperation \nFramework\n1. Nigeria has the largest economy ($429 billion US dollars in 2020)\nand is the most populous(211 million in 2021)\ncountry in Africa. Despite being the largest crude oil producer in Africa,\npoverty (40 per cent or 82.9 people million in 2019) and unemployment (33 per cent in 2021)\nremain high. Nigeria ranked low in the Human Development Index (161 out of 189 countries in \n2020). The COVID-19 pandemic, cost-of-living crisis, disruptions to supply chains, and drop in \nrevenue all compounded national development challenges. The World Bank estimates the national \npoverty rate may have increased to 42.5 per cent (90.2 million) in 2020. Moreover, Nigeria suffers \nfrom socio-economic deficits where close to 60 per cent of the rural population still lack access to \nelectricity and only 5 per cent of the population uses clean energy sources for cooking, with there \nbeing a disproportionate and negative impact on women and girls. \n2. Nigeria is vulnerable to conflict-related and environmental risks (desertification and natural \ndisasters). Governance, peace, and security deficits (102 out of 104 countries in the Chandler Good \nGovernment Index, 34 out of 54 countries in the Mo Ibrahim Index of African Governance, 154 \nout 180 countries in the 2021 Transparency International Corruption Perception Index, and 143 out \nof 163 on the 2022 Global Peace Index) constitute direct threats to development and citizen trust \nin Nigerian public institutions and policies. Nigeria ranks 180 out of 193 countries in the world on \nwomen\u2019s representation in parliament with only 5.8 per cent of female legislators in the House of \nRepresentatives and 7.3 per cent in the Senate. Nigeria also scored low on the gender development \nindex (0.863) and the gender inequality index (0.680) in 2021. Female labour force participation is \nlow at 59.6 per cent and the maternal mortality ratio is high (917). Furthermore, the pandemic \nintensified already a high incidence of gender-based violence (GBV), which is currently 48 per \ncent.\n3. The Common Country Assessment (CCA) identifies key opportunities in agriculture, \nmanufacturing, and regional trade alongside challenges such as vulnerability to oil shocks, \nincreasing pressures on poverty, inequality, unemployment, hunger, malnutrition, and gender \nimbalances. To meet the ambitious national targets of generating 21 million full-time jobs and \nlifting 35 million people out of poverty by 2025 the United Nations Sustainable Development \nCooperation Framework (UNSDCF) for Nigeria 2023\u20132027 places people at the centre of \ndevelopment through an inclusive, rights-based, gender-sensitive approach to achieve the \nSustainable Development Goals (SDGs). The UNSDCF features four strategic priorities, (i) \ninclusive economic growth and development, (ii) improved environmental conditions and \nincreased resilience, (iii) increased access and use of quality basic social services, and (iv) promote \na peaceful, inclusive, and cohesive society.\n4. Anchored in the 2030 Agenda and African Union Agenda 2063, and drawing lessons from the \nmid-term review of the 2018-2022 Country Programme Document (CPD), the new CPD for 2023\u2013\n2027 represents UNDP contributions to Government of Nigeria development efforts and UNDSCF. \nThe CPD is aligned to the National Development Plan 2021\u20132025, which aims to foster socio-economic recovery, and restore macroeconomic stability, good governance, and growth through \nsocio-economic transformation for sustainable development. The CPD was informed by the \nanalysis and recommendations from the Independent Country Programme Evaluation (ICPE).\nThese include adopting a balanced mix of upstream and downstream interventions where gender\nconsiderations are adequately mainstreamed; enhancing peace building and stabilization \nprogrammes; enabling public\u2011private partnerships and climate change mitigation with well-articulated strategies, and ensuring sustainability of results at the end of programme implementation.\nIn achieving targets laid out in the UNDSCF and based on the UNDP mandate \nand comparative advantage, the CPD focuses on three pillars: (i) inclusive economic growth, (ii) \nclimate change, and (iii) governance, peace, and security. These three pillars will collectively assist \nin addressing some of the multi-faceted and multidimensional challenges identified in the \nUNDSCF, including rising unemployment, low productivity, public financial resource constraints, \nfood insecurity, violence and conflict, displacement of people, limited social protection \nmechanisms, low public accountability and transparency, and environmental degradation by \npromoting inclusive and rights-based development processes that leave no one behind.\n\n#II. Programme priorities and partnerships \n5. The UNDP programmatic response in Nigeria has two objectives: socio-economic recovery in \nthe medium term and structural transformation for inclusive and sustainable development to achieve \nthe SDGs by 2030. This is translated into the three linked priorities of inclusive growth, climate \nchange, and governance, peace, and security. Adhering to the principle of \u201cLeaving No One Behind\u201d \ngender equality and empowerment will be prioritized along with vulnerable groups, poor, female-headed households, and people living with disabilities. UNDP will mainstream volunteerism into \nprogramme implementation strategies as a valuable way of achieving the SDGs by 2030. The \nprogramme is flexible and responsive to addressing emerging issues and reflect extensive \ncollaborations with multiple stakeholders. \n6. The UNDP CPD for 2023 to 2027 contributes to the United Nations development system\n(UNDS) overall objective in the UNDSCF that promotes inclusive human-rights based and gender-sensitive development in Nigeria for the acceleration and achievement of the 2030 Agenda and \nAfrican Union Agenda 2063. As such, UNDP will contribute to UNDS outcomes in the UNDSCF, \nby focusing on (i) establishing a strong foundation for a diversified and inclusive economy, (ii) \nbuilding a solid framework and enhancing capacities to consolidate peace, strengthen security and \nsocial cohesion and ensure good governance, and (iii) enhancing capacities for climate resilience \nand sustainable access to energy.\n7. The theory of change for the CPD is based on assumptions that these objectives can be achieved.\nIF Nigeria has sustained inclusive economic growth and development that provides equitable \nopportunities for decent employment and livelihoods, and IF people living in Nigeria, particularly \nthe most vulnerable, enjoy improved environmental conditions and increased resilience to extreme \nweather conditions and disasters, and IF more inclusive, participatory, transparent and gender \nsensitive governance, justice and human rights systems are in place at all levels to promote peaceful, \ninclusive and cohesive society, and ASSUMING policy reforms, including strategies and plans are \ndeveloped and implemented effectively, upcoming elections do not disrupt programme \nimplementation, rising insecurity within Nigeria and the Sahel region is under control, THEN all \npeople living in Nigeria especially the most vulnerable, will contribute to and benefit from inclusive \nrights-based and gender sensitive development that leads to the acceleration and achievement of the \n2030 Agenda and SDGs.\n8. The programme will focus on each of these directions to achieve greater development outcomes \nby integrating gender equality and strengthening partnerships with international financial \ninstitutions (IFIs), donors, and the private sector to generate meaningful and impactful \nprogrammatic interventions. Efforts will be facilitated by a greater focus on three enablers: Strategic \ninnovation, digitization, and development financing. These chosen pathways are considered the best \nsolutions for addressing development challenges in Nigeria, in part, considering the comparative \nadvantage of UNDP in terms of convening power, strategic position, integrator role and its expertise \nin thematic areas such as human development, development financing, inclusive growth, \nenvironment, governance and peace building as evidenced by continuous engagement with key stakeholders including the government and donors. UNDP will work closely with United Nations agencies drawing lessons learned during the COVID-19 pandemic. Taking note of CPD evaluation\nfindings, UNDP will make greater efforts in transparent engagement and programme \nimplementation, fostering improved understanding amongst UNDS partners, and collaborating in \nthematic areas where possible, based on respective comparative advantages. \n\n9. Inclusive economic growth. To contribute to UNDSCF Priority Area 1 on sustainable and \ninclusive growth, UNDP will support development planning; SDG mainstreaming and \nimplementation in strategic plans and policies at federal and state levels; policy reforms guided by \ninternational best practices, economic analyses, and forecasting; data generation; inclusive finance \nand impact investments; leveraging the African Continental Free Trade Area (AfCFTA) agreement, \nentrepreneurship development and employment creation through the SDG innovation Hub, Office \nof the Senior Special Assistant to the President on SDGs (OSSAP-SDGs), Innovate United \nKingdom Knowledge Transfer Network (KTN), the United Nations Children\u2019s Fund (UNICEF), \nUnited Nations Entity for Gender Equality and the Empowerment of Women (UN Women) and the\nprivate sector, and the Accelerator Lab on agriculture and value chain development (especially \ninvolving women and youth). Aims are to achieve inclusive economic growth by strengthening \ncapacities for generating and analyzing disaggregated data, especially at the National Bureau of \nStatistics (NBS) and state statistical offices, supporting resilience-building to minimize risk, \nimproving livelihood and employment creation by leveraging the Nigeria Jubilee Fellows \nProgramme, and scaling up social protection measures such as cash transfers in targeted \ncommunities in partnership with the World Food Programme (WFP) and UNICEF. \n10. Development financing challenges faced by Nigeria have driven UNDP to partner with the \ngovernment, European Union, International Monetary Fund (IMF), World Bank, and other primary \nstakeholders in supporting the development of a healthy financial ecosystem through an Integrated \nNational Financial Framework (INFF) and related economic policy reforms and institutional \nchanges. The launch of the INFF, partly through South-South cooperation, will see Nigeria\nexchange lessons learned with other African countries on its successful INFF process. In addition, \nUNDP will prioritize SDG impact investments in partnership with the national advisory board, \nImpact Investment Foundation (IIF), German Development Agency (GIZ), United Nations \nIndustrial Development Organization (UNIDO) and global investors, as well as insurance risk \nfinancers in collaboration with the Financial Sector Deepening Africa (FSD Africa) and Insurance \nDevelopment Forum (IDF). It will engage in high-level policy advocacy through the United \nNations Nigeria Policy Advisors group, economic analysis and forecasting to inform effective \npolicy choices by all stakeholders.\n11. Environmental sustainability, climate change, and resilient development. UNDP, as the \nlead agency on clean energy and climate action under Priority Area 2 of the UNSDCF, will look to \nmitigate climate change and empower communities by focusing on strengthening the nexus \nbetween economic growth, environmental protection, and security, relying on strategic partnerships \nwith the Office of the Vice President, National Climate Change Council of Nigeria (NCCCN), \nMinistry of Finance, Budget, and National Planning (MFBNP), Office of the Security Advisor\n(OSA), Federal Ministry of Environment (FME), Development Bank of Nigeria (DBN), \nInfrastructure Bank of Nigeria, and Bank of Industry. Climate-security nexus hubs piloted in the \nnorthwest of Nigeria, in partnership with development partners like the governments of Norway\nand Germany, will be leveraged and scaled to foster resilience to shocks.\n12. UNDP will support the Government of Nigeria to achieve its objective of greening the \neconomy using a set of integrated solutions as per five pathways.\n1) Supporting implementation of Nationally Determined Contributions (NDCs) towards \nnet zero and climate resilience using a broad range of policy options and leveraging the\nMontreal Protocol implementation. Partnerships will be deepened with the British Foreign, \nCommonwealth and Development Office (FCDO), United States Agency for International\nDevelopment (USAID), UNICEF, World Bank, and Food and Agriculture Organization \n(FAO), tapping into innovation, advocacy, and capacity-building abilities.\n2) Strengthening mitigation measures to climate security risks by enhancing local \ncapacities for proactive de-escalation of conflicts, stabilization, and recovery through youth \nengagement in peacebuilding and climate resilience. This also includes greening the Sahel \nfor sustainable peace in alliance with the Office of the National Security Adviser and \nproviding platforms for scaling climate-peace hubs.\n3) Accelerating nature-based sustainable livelihoods for protecting biodiversity and \necosystem services through the adoption of integrated, effective, protected area \nmanagement, enforcement, and sustainable land use agroecological approaches, especially \ntargeting women and youth by leveraging the UNDP-led Global Biodiversity programme \nalongside the World Bank and FAO.\n4) Promoting risk-informed green and circular economic development through emission \ntrading schemes, scaling up access to clean and affordable energy, enhancing de-carbonization, de-risking private investments and off-grid clean energy technologies for \nproductive uses through blended finance, and focusing on rural populations, people \naffected by conflict or crisis, women and girls, people living with disabilities, and youth in \ncollaboration with the national Rural Electrification Agency, Energy Commission of \nNigeria, and African Development Bank.\n5) Enhancing communication and data-driven ecological stewardship for strengthened\ndialogue between government, civil society, and the private sector.\n13. Governance, peace and security. A leading organization in the development of the \nUNSDCF, UNDP supports improved public confidence in key institutions of governance, enhances\naccountability, public sector transparency, security and conflict management, and promotes\ninclusive governance, access to justice and the protection of fundamental rights. As such, \npartnerships with civil society organizations (CSOs), the private sector, and professional bodies \nwill be nurtured to support engendering progressive views on public accountability and \ntransparency, peacebuilding, elections, gender equality and social cohesion, and scaling up local \ngovernance systems. UNDP will enhance the capacities of the national assembly and primary \npublic finance and anti-corruption agencies to enact public finance and anti-corruption legal \nframeworks, collaborate with and empower CSOs, women, and youth groups for constructive and \neffective engagement on anti-corruption. \n14. UNDP will support efforts aimed at promoting equitable and timely access to justice and \nstrengthen human rights institutions by investing in integrated digital solutions; encouraging the\nelimination of impunity regarding the violation of human rights and gender-based violence;\nfacilitating domestication of all international and regional human rights treaties; promoting\nelimination of inconsistencies between customary practices and statutory laws, and supporting\nimplementation of international and regional human rights recommendations and reporting \nobligations in partnership with the National Human Rights Commission, Ministry of Justice and \nrelevant rule of law institutions. UNDP will prioritize electoral reforms and the implementation of \nthe 2022 electoral law for improved election management and expanded democratic space.\n15. UNDP will promote integrated responses to insecurity, linking peacebuilding, climate action\nand livelihood recovery to conflict prevention and stabilization. Infrastructure for peace, equipped \nwith functional capacities for the early detection of conflict risks, will be strengthened in \ncollaboration with other UNDS partners, CSOs, traditional and religious leaders to promote \ninclusive dialogue, build consensus, and diffuse societal conflicts. UNDP will enhance the \ncapacities of security and governance institutions, expanding options for safe return and \nreintegration while laying the foundation for sustainable peace and national security.\n\n16. To address cross border governance challenges, including the proliferation of small arms, violent extremism, organised crime, and illegal migration UNDP will collaborate on joint programming with neighbouring country offices, Economic Community of West African States \n(ECOWAS), Lake Chad Basin Commission, UNDS stakeholders, development partners, and CSOs\non area-based responses and cost sharing arrangements to maximize impact. UNDP, to ensure \nconnections across security, economic, environment, and governance pillars will work with other \nUnited Nations partners on preventing and responding to GBV, promote women\u2019s participation in \npeace processes and security efforts, and improve the integration of gender equality into natural \nresource management and disaster preparedness plans and processes. Furthermore, UNDP will \npromote South-South and triangular cooperation with stakeholders from Kenya, Germany, and \nChina in governance thematic areas like police reform and elections to deepen best practices and \nexchange knowledge with ECOWAS.\n17. UNDP will work with national partners at federal and state levels, as well as UN Women, \nUNFPA, and UNICEF, in building national capacities to ensure gender equality is mainstreamed \nsuch that it contributesto policy reforms that address the barriers to women\u2019s empowerment. UNDP \nwill support strengthening government capacities on gender-sensitive economic policies, \ninnovations, planning, and the use of gender-disaggregated data to strengthen efforts that empower \nwomen and leverage advantages to better respond to sexual and gender-based violence (SGBV) by \nsupporting national and local partners in developing, strengthening and implementing the required \nlegislative frameworks and building more gender-sensitive legal and judicial institutions. This will \ninvolve UNDP strengthening the evidence base to inform strategies to advance women\u2019s \nempowerment and gender equality, and support the country in producing nationwide data on SGBV\nfor programming, analysis, and policymaking purposes in partnership with the Federal Ministry of \nWomen Affairs.\n18. UNDP will deepen partnerships with development partners, namely the European Union, \ngovernments of Germany, Japan, Norway, Sweden, the Netherlands, Korea, Canada, the United \nKingdom, United States, and Global Environmental Facility (GEF) and establish new ones with \ninternational financial institutions like the World Bank, African Development Bank (AfDB), and \nthe Islamic Development Bank. Cognizant of the vibrancy of the private sector in Nigeria in \ninnovation, development financing, impact investments, ease of doing business, job creation, \nclimate action and inclusive governance UNDP will further strengthen engagement with the private \nsector to build more ambitious and effective partnerships. Collaborative opportunities will be \nexplored with multilateral environmental financing institutions to scale up engagements with \nUnited Nations funds like the Peacebuilding Fund, Human Security Trust Fund, and the Joint SDG \nFund. Moreover, UNDP will develop long-term partnerships with think tanks, chambers of \ncommerce, innovation hubs, and research institutions and foster lasting technical collaborative \nrelationships with CSOs. \n\n#III. Programme and risk management\n19. This CPD outlines UNDP contributions to national results and serves as the primary unit of \naccountability to the Executive Board for results alignment and resources assigned to the \nprogramme at the country level. In accordance with Executive Board decision 2013/9, UNDP will \nsystematically ensure all direct costs associated with project implementation are charged to \nconcerned projects. In addition, UNDP will review structures and procedures to ensure they are \u201cfit \nfor purpose\u201d when implementing the programme and agile enough to adapt to evolving contexts, \nUnited Nations reform actions and the new UNDP Strategic Plan for 2022\u20132025. \n20. The programme will be nationally executed as per the Harmonized Approach to Cash \nTransfers (HACT) and in coordination with other United Nations Specialized Agencies to manage \nfinancial risks and strengthen national execution capacities. In exceptional circumstances, national \nexecution may be replaced by direct execution in response to force majeure. UNDP direct \nimplementation will safeguard accountability in complex programming situations that is backed by \nconscious data collection and analysis, and aligned with effective risk management, evidence \ngenerationand adaptive programmatic implementationNational ownership and mutual \naccountability for development results will be strengthened through joint annual work plans and \nreviews aligned with national priorities.\n21. Risks associated with the management of political leadership transitions, including elections,\ncould derail smooth implementation of the programme. Unrest or tensions related to elections could \nfurther polarize the operating environment, while protracted election processes could lead to the \nunavailability of senior government officials with implications for the pace of realizing programme \npriorities in various locations. To mitigate risks, UNDP will adopt an electoral-cycle approach \nproviding support to key stakeholders before, during and after the elections. In addition, UNDP \nwill deploy a robust risk management system to ensure adaptive programming strategies, direct \nimplementation and working with strategic partners including civil society and volunteers so they \nhave timely information that will lead to quick and meaningful programmatic decisions prior to, \nduring, and after the elections. \n22. Economic and social challenges may affect the successful implementation of the programme. \nRisks include, (i) prolonged economic slowdown if proposed strategies for economic stabilization\nare not implemented; (ii) limited capacity of government and national stakeholders to implement \nprogrammes; (iii) protracted crises in the north, south-east, Niger Delta, and the middle belt; (iv) \ndifficulties in mobilizing adequate resources; (v) protracted COVID-19 related disruptions, and (vi) \npotential delivery challenges prior to and during the 2023 general elections. Moreover, lack of \npolitical will, inadequate allocation of resources, and adverse societal perceptions on gender \nequality, especially leadership and decision-making related interventions, could lead to risks \nrelating to gender inequality and the situation of women and girls.\n23. The mitigation of programme risks has been built into priorities and interventions. To ensure \nsustainability and effectiveness in the delivery of development and humanitarian assistance, UNDP \nwill focus on strengthening the capacities of government and implementing partners through a\nHACT modality. This approach includes a macro-assessment of the public financial management \nsystem, and micro-assessments of implementing partners. Fast-track procedures will meet \ngovernment demands and ensure timely responses to crisis and emergency situations. Surge \ncapacity and high-level advocacy, among other contingency measures, will be considered to \nmitigate contextual and operational risks by drawing on UNDP regional and global service hubs.\n24. The UNDP partnership and resource mobilization strategy will emphasize strengthening \ngovernment capacities for domestic resource mobilization and cost sharing at the state level. UNDP \nwill rely on its newly approved status as a \u2018cluster for asset\u2019 management in the region. Extensive \ncollaboration with the Regional Service Centre will be used to collect and disseminate global best \npractices for South\u2013South cooperation, innovation, knowledge management and thought \nleadership.\n\n#IV. Monitoring and evaluation\n25. CPD monitoring and evaluation will be aligned with the UNSDCF. Following independent \ncountry programme evaluation, the focus will be on defining results and baseline data and \nidentifying reliable data sources for collection and use. In line with UNDP monitoring and \nevaluation guidelines, UNDP will also engage third-party monitoring mechanisms for inaccessible \nareas. Field visits and verifications will increase in frequency to ensure targeted vulnerable groups \nbenefit from interventions.\n26. UNDP will rely on nationally owned country-level data sources such as the National Bureau \nof Statistics, Human Development Reports, and credible global reports. Data will be disaggregated \nby relevant groups where possible. UNDP\u2014working with the United Nations Monitoring and \nEvaluation Reference Group, third party monitors, joint field visits and partners\u2014will support the \nnational statistical system and research institutions to enhance national data generation capacities, \nand improve data quality and evaluation functions, and provide evidence-based, gender-sensitive \ndata that informs decision-making and fosters transformational development approaches. \nThe focus will be on improving coverage of SDG targets and strengthening the quality, reliability, and\ntimeliness of disaggregated data. Performance indicators for projects and programmes will be \narticulated to reflect changes on the ground and observable and measurable in ways that are relevant \nto project beneficiaries. Two per cent of the country programme budget will be allocated to \nevaluation. Project Quality Assessments, including the gender marker, will continue to be used to \nachieve corporate programming quality standards.\n27. UNDP will participate in UNSDCF Results Area Groups to track outcome indicators, \nincluding using the United Nations INFO online tool for planning, monitoring, and reporting on \nnational United Nations development action. The gender marker will be used to monitor \nexpenditure and improve gender-based planning and decision-making. HACT, spot checks, and \nfinancial audits will complement regular programme monitoring for stakeholders. The approved \nevaluation plan will be the basis for decentralized evaluations, the next independent country \nprogramme evaluation, and the Cooperation Framework evaluation.\n"}