{"Code": "DZA-CPD-2023-SP", "Status": null, "Country Name": "Algeria", "Country Code": "DZA", "Category": "CPD", "KeyWord to Search": null, "Document Title": "Gasification and Power Generation Characteristics of Rice\nHusk, Sawdust, and Coconut Shell Using a Fixed-Bed\nDowndraft Gasifier ", "Exists?": "Y", "Publication Date": "30 January \u2013 3 February 2023", "Publication Year": "30 January \u2013 3 February 2023", "Start Year": "2023", "End Year": "2027", "Language": "SP", "Link": "https://digitallibrary.un.org/record/3998969/files/DP_DCP_DZA_4-ES.pdf?ln=en", "Content": "Naciones Unidas Junta Ejecutiva del Programa de las Naciones Unidas para el Desarrollo, del Fondo de Poblaci\u00f3n de las Naciones Unidas y de la Oficina de las Naciones Unidas de Servicios para Proyectos DP/DCP/DZA/4 Distr. general 7 de diciembre de 2022 Espa\u00f1ol Original: ingl\u00e9s Primer per\u00edodo ordinario de sesiones de 2023 Nueva York, 30 de enero a 3 de febrero de 2023 Tema 7 del programa provisional Programas por pa\u00edses y asuntos conexos Documento del programa para Argelia (2023-2027) \u00cdndice Cap\u00edtulo I. El PNUD en el Marco de Cooperaci\u00f3n de las Naciones Unidas para el Desarrollo Sostenible . . . . . . . . . . . . . . . . . . . . . . . . . . . . . . . . . . . . . . . . . . . . . . . . . . . . . . . . . . . . . . . . . . II. Alianzas y prioridades del programa . . . . . . . . . . . . . . . . . . . . . . . . . . . . . . . . . . . . . . . . . . . . III. Gesti\u00f3n del programa y de los riesgos . . . . . . . . . . . . . . . . . . . . . . . . . . . . . . . . . . . . . . . . . . . IV. Seguimiento y evaluaci\u00f3n . . . . . . . . . . . . . . . . . . . . . . . . . . . . . . . . . . . . . . . . . . . . . . . . . . . . . P\u00e1gina 2 4 8 9 Anexo Marco de resultados y recursos para Argelia (2023-2027) . . . . . . . . . . . . . . . . . . . . . . . . . . 11 22-27872X (S) *2227872* DP/DCP/DZA/4 I. El PNUD en el Marco de Cooperaci\u00f3n de las Naciones Unidas para el Desarrollo Sostenible 1. Argelia, un pa\u00eds de ingreso mediano, est\u00e1 llevando a cabo importantes reformas econ\u00f3micas, pol\u00edticas1 y medioambientales. El valor del \u00edndice de desarrollo humano de 0,745 (96 de 191 pa\u00edses2) pone de manifiesto los considerables avances logrados en todos los indicadores de desarrollo humano. La hoja de ruta hacia la \u201cNueva Argelia\u201d inspir\u00f3 una nueva Constituci\u00f3n y la celebraci\u00f3n de elecciones legislativas, seguidas de elecciones locales y municipales. Debido a la modificaci\u00f3n de la ley electoral, la nueva legislatura (2021-2026) ha registrado un aumento significativo de la representaci\u00f3n juvenil, con 135 de los 407 diputados por debajo de los 40 a\u00f1os. 2. El modelo socioecon\u00f3mico del pa\u00eds se basa en un acceso universal a los servicios sociales sostenido por productos b\u00e1sicos y servicios subvencionados (por ejemplo, agua, gas, electricidad, alquiler de viviendas). En 2020 3 , la ca\u00edda mundial de los precios del petr\u00f3leo, agravada por las repercusiones de la pandemia de enfermedad por coronavirus (COVID-19), provoc\u00f3 una contracci\u00f3n del producto interno bruto (PIB) del 5,1 %. La situaci\u00f3n econ\u00f3mica sigue siendo dif\u00edcil, con la subida del precio de los alimentos y el estancamiento de las oportunidades de empleo 4. Sin embargo, en 2021 aparecieron signos de recuperaci\u00f3n, con un aumento significativo del PIB del 3,8 %5. Los precios de la energ\u00eda, los m\u00e1s elevados de la d\u00e9cada, est\u00e1n fortaleciendo la recuperaci\u00f3n econ\u00f3mica y los saldos exterior y fiscal y estimulando nuevas inversiones en hidrocarburos. 3. Dado el compromiso de Argelia de lograr los Objetivos de Desarrollo Sostenible, el Marco de Cooperaci\u00f3n de las Naciones Unidas para el Desarrollo Sostenible (MCNUDS) 2023-2027 constituye un ambicioso plan para los esfuerzos colectivos de las Naciones Unidas. El PNUD contribuye a una parte importante de los resultados d el sistema de las Naciones Unidas para el desarrollo, tanto por el volumen de inversi\u00f3n como por su enfoque sustantivo y con visi\u00f3n de futuro. Guiado por el Plan de Acci\u00f3n del Gobierno 2021-2024 y el Plan Estrat\u00e9gico del PNUD, 2022-2025, el PNUD de Argelia se compromete a contribuir a los resultados 1, 2 y 4 del MCNUDS. 4. La estrategia nacional para la biodiversidad y su plan de acci\u00f3n abogan por la protecci\u00f3n de la biodiversidad para el desarrollo econ\u00f3mico y social sostenible y la adaptaci\u00f3n al cambio clim\u00e1tico. Por medio de la contribuci\u00f3n prevista determinada a nivel nacional, Argelia se ha comprometido a reducir sus emisiones de gases de efecto invernadero entre un 7 % y un 22 % para 2030, el 7 % de los cuales se financiar\u00e1 con recursos nacionales y el 15 % restante a trav\u00e9s de la v\u00eda financiera internacional. Se trata de un hito importante para un pa\u00eds con un modelo econ\u00f3mico basado en los hidrocarburos. Argelia representa una proporci\u00f3n relativamente baja de las emisiones de gases de efecto invernadero a nivel mundial y, sin embargo, ocupa el puesto 39 de los 58 pa\u00edses que producen el 90 % de las emisiones mundiales. Dada su ventaja comparativa a la hora de ofrecer soluciones para las pol\u00edticas p\u00fablicas relacionadas con la naturaleza y el clima, el PNUD se centrar\u00e1 en reforzar las capacidades institucionales para la preservaci\u00f3n del medio ambiente y la lucha contra el cambio clim\u00e1tico. __________________ 1 El plan de acci\u00f3n del Gobierno para la ejecuci\u00f3n del Programa del Presidente de la Rep\u00fablica, publicado en septiembre de 2021. 2 PNUD, 2020. Informe sobre desarrollo humano 2022. Tiempos inciertos, vidas inestables.  ( 3 Banco Mundial, 2021. Algeria Economic Update \u2013 abril de 2021.  4 Desempleo, total (% de la poblaci\u00f3n activa total) (estimaci\u00f3n modelado OIT) - Argelia | Datos (worldbank.org) 5  2/18 22-27872 DP/DCP/DZA/4 5. Como resultado de los avances en materia de desarrollo y del crecimiento econ\u00f3mico del pa\u00eds, el consumo de energ\u00eda ha aumentado exponencialmente en los \u00faltimos 20 a\u00f1os. Seg\u00fan el Ministerio de Energ\u00eda y Minas, el consumo de energ\u00eda pas\u00f3 de 31,6 millones de toneladas equivalentes de petr\u00f3leo en 2010 a 50,4 millones en 2019. Las contribuciones determinadas a nivel nacional de Argelia pretenden reducir el consumo de energ\u00eda el\u00e9ctrica en un 9 % y aumentar la proporci\u00f3n de energ\u00eda renovable en la producci\u00f3n de electricidad hasta el 27 % (actualmente es del 1 %) en 2030. Con m\u00e1s de 20 a\u00f1os de experiencia en la promoci\u00f3n de solu ciones de energ\u00eda sostenible en todo el mundo, el PNUD se encuentra en una posici\u00f3n privilegiada dentro del sistema de las Naciones Unidas para el desarrollo para contribuir a definir la hoja de ruta de la transformaci\u00f3n energ\u00e9tica nacional catalizando los conocimientos t\u00e9cnicos, en particular sobre los modelos de transici\u00f3n energ\u00e9tica y el marco regulatorio conexo. 6. Si bien Argelia ha realizado progresos notables en la mejora del acceso de las ni\u00f1as a la educaci\u00f3n,6 es necesario aumentar el acceso a un empleo decente. La tasa de participaci\u00f3n de las mujeres en el sector formal ronda el 12 % 7 y su tasa de desempleo duplica la de los hombres (22,1 % frente al 10,4 %) 8 en 2021. Un porcentaje considerable de la poblaci\u00f3n joven que trabaja en el sector priv ado no est\u00e1 afiliado al sistema de la seguridad social; en 2014, este era el caso del 88,2 % de los trabajadores de entre 15 y 24 a\u00f1os 9 . Como se destaca en el examen nacional voluntario10 de 2019 y en el plan de acci\u00f3n del Gobierno, las prioridades relaci onadas con la igualdad de acceso a servicios de calidad, empleo formal y protecci\u00f3n social deben sustentarse en pol\u00edticas e inversiones p\u00fablicas sostenibles que promuevan esfuerzos de implementaci\u00f3n inclusivos y sostenidos para alcanzar los Objetivos de Desarrollo Sostenible. A trav\u00e9s de sus carteras de gobernanza democr\u00e1tica y diversificaci\u00f3n econ\u00f3mica, el PNUD se encuentra en una posici\u00f3n ideal para apoyar al Gobierno en estos \u00e1mbitos. 7. La respuesta a la crisis de la COVID-19 es una prioridad nacional e incluye medidas para reforzar el sistema sanitario y la aplicaci\u00f3n de reformas de recuperaci\u00f3n econ\u00f3mica, centr\u00e1ndose as\u00ed en medidas de protecci\u00f3n econ\u00f3mica y social de los hogares y las microempresas y peque\u00f1as y medianas empresas (mipymes). Los conocimientos especializados del PNUD en la materia se sustentan en el principio de aumentar la resiliencia de las capacidades del sistema sanitario p\u00fablico como vector de una recuperaci\u00f3n duradera. El PNUD dirigi\u00f3 el plan de respuesta socioecon\u00f3mica a la COVID-19 en Argelia desde el punto de vista t\u00e9cnico, aprovechando las competencias m\u00e1s amplias del sistema de las Naciones Unidas para fundamentar soluciones de pol\u00edtica p\u00fablica. 8. El PNUD aprovechar\u00e1 su legado y los logros de su programa 2016 -2022, que, como subraya su evaluaci\u00f3n, contribuy\u00f3 con resultados convincentes a: a) la elaboraci\u00f3n de estrategias sectoriales (por ejemplo, la estrategia nacional para el desarrollo de la pesca y la acuicultura, un proyecto de estrategia nacional para prevenir y luchar contra la corrupci\u00f3n); b) el refuerzo de las capacidades institucionales argelinas (por ejemplo, se capacit\u00f3 a las wilayas de Adrar y M\u00e9dea para que apoyasen el empleo juvenil y, en el marco del programa de democracia participativa y desarrollo local (\u201cCapDel\u201d), siete municipios elaboraron planes de __________________ 6 Instituto de Estad\u00edstica de la UNESCO : Argelia ( and-literacy) 7 Banco Mundial, datos, Argelia ( 8 Banco Mundial, datos, Argelia ( 9 Oficina Nacional de Estad\u00edstica. Enqu\u00eate emploi aupr\u00e8s des m\u00e9nages. 2014. ( 10 V\u00e9ase  22-27872 3/18 DP/DCP/DZA/4 desarrollo comunales); y c) el avance de la igualdad de g\u00e9nero (por ejemplo, m\u00e1s de 800 mujeres elegidas a nivel local recibieron capacitaci\u00f3n en 12 wilayas). 9. En respuesta a las prioridades nacionales de reforzar la participaci\u00f3n ciudadana en la vida social, econ\u00f3mica y pol\u00edtica del pa\u00eds, el PNUD, en colaboraci\u00f3n con los ministerios competentes, llevar\u00e1 a cabo iniciativas que fortalezcan la participaci\u00f3n socioecon\u00f3mica, el desarrollo local inclusivo y la transparen cia y la rendici\u00f3n de cuentas de las instituciones p\u00fablicas, que son esenciales para adaptar los Objetivos de Desarrollo Sostenible para una sociedad pac\u00edfica e inclusiva. 10. En todo el programa, y en colaboraci\u00f3n con el equipo de las Naciones Unidas en el pa\u00eds, el PNUD apoyar\u00e1 los esfuerzos gubernamentales para mejorar la cooperaci\u00f3n internacional mediante el intercambio de buenas pr\u00e1cticas y lecciones aprendidas, como parte de la cooperaci\u00f3n Sur-Sur y triangular. Un acuerdo con la Agencia Argelina para la Cooperaci\u00f3n Internacional para la Solidaridad y el Desarrollo esbozar\u00e1 las medidas encaminadas a esos objetivos. Para ello, el PNUD ofrecer\u00e1 sus conocimientos t\u00e9cnicos especializados y apoyar\u00e1 las capacidades t\u00e9cnicas relacionadas con la diplomacia econ\u00f3mica, el desarrollo econ\u00f3mico regional, la migraci\u00f3n circular y la promoci\u00f3n de la paz y la seguridad sostenibles. impulsar pol\u00edticas 11. El apoyo integrado del PNUD para la ejecuci\u00f3n del MCNUDS incluir\u00e1 conocimientos especializados para intersectoriales y una programaci\u00f3n con base emp\u00edrica, an\u00e1lisis de datos y servicios en funci\u00f3n de la demanda para los asociados nacionales y el equipo de las Naciones Unidas en el pa\u00eds (ENUP). En consonancia con el Plan Estrat\u00e9gico 2022-2025, el PNUD contribuir\u00e1 a impulsar el cambio a trav\u00e9s de tres facilitadores estrat\u00e9gicos: a) la financiaci\u00f3n para el desarrollo, mediante la movilizaci\u00f3n de una financiaci\u00f3n integral para la consecuci\u00f3n de todos los Objetivos de Desarrollo Sostenible; b) la digitalizaci\u00f3n , aportando liderazgo intelectual e innovaciones pr\u00e1cticas para construir una sociedad y una econom\u00eda digitales inclusivas, \u00e9ticas y sostenibles; y c) innovaciones estrat\u00e9gicas, invirtiendo sistem\u00e1ticamente en conocimientos de vanguardia como plataformas multiplicadoras para provocar cambios sist\u00e9micos. II. Prioridades y alianzas del programa 12. El programa para el pa\u00eds se formul\u00f3 con las contribuciones de instituciones gubernamentales, la sociedad civil, el mundo acad\u00e9mico, el sector privado y otros asociados bilaterales y multilaterales. El PNUD aprovechar\u00e1 las alianzas de las Naciones Unidas, entre otras, para crear sinergias en programas y sectores, con el fin de hacer uso de la especializaci\u00f3n y los conocimientos necesarios para impulsar la Agenda 2030 para el Desarrollo Sostenible. El programa del PNUD sigue el mandato del Plan Estrat\u00e9gico, est\u00e1 alineado con el plan de acci\u00f3n del Gobierno 2021 -2024 y se sustenta en la teor\u00eda del cambio del MCNUDS 11. 13. El PNUD apoyar\u00e1 soluciones integradas de desarrollo organizadas en torno a tres resultados del MCNUDS 2023-2027: a) naturaleza, clima y energ\u00eda; b) crecimiento econ\u00f3mico inclusivo; y c) gobernanza democr\u00e1tica. Adem\u00e1s, el PNUD apoyar\u00e1 el cumplimiento de los compromisos del Gobierno en materia de coop eraci\u00f3n internacional, ampliando las capacidades para reforzar la cooperaci\u00f3n Sur-Sur y triangular, en consonancia con el MCNUDS y prestando especial atenci\u00f3n al continente africano. 14. El PNUD perseguir\u00e1 sus prioridades program\u00e1ticas contribuyendo a la elaboraci\u00f3n y aplicaci\u00f3n de pol\u00edticas p\u00fablicas, a la formulaci\u00f3n y sistematizaci\u00f3n de __________________ 11 V\u00e9ase la p\u00e1gina 23, secci\u00f3n 2.2 del MCNUDS 2023-2027. 4/18 22-27872 DP/DCP/DZA/4 las mejores pr\u00e1cticas, al fortalecimiento de las capacidades nacionales y al ensayo y la puesta en marcha de iniciativas innovadoras. La programaci\u00f3n conjunta del PNUD constituye una importante contribuci\u00f3n a los resultados del MCNUDS. Las sinergias y las econom\u00edas de escala son evidentes en todas las esferas de resultados. 15. A trav\u00e9s de su programaci\u00f3n, el PNUD repercutir\u00e1 en la creaci\u00f3n de empleo y la generaci\u00f3n de ingresos dentro de una econom\u00eda diversificada; reforzar\u00e1 la transparencia y la rendici\u00f3n de cuentas para una prestaci\u00f3n de servicios p\u00fablicos de calidad; y contribuir\u00e1 al cumplimiento de los compromisos nacionales y mundiales en materia de prevenci\u00f3n y mitigaci\u00f3n de los efectos del cambio clim\u00e1tico. La labor en el \u00e1mbito de la gobernanza democr\u00e1tica y el estado de derecho se ampliar\u00e1 para reforzar el contrato social de acuerdo con la Constituci\u00f3n argelina y los marcos normativos internacionales, garantizando que nadie se quede atr\u00e1s. Resultado 1. Naturaleza, clima y energ\u00eda 16. La contribuci\u00f3n del PNUD a este resultado se sustenta en la hip\u00f3tesis de la teor\u00eda del cambio seg\u00fan la cual si se refuerzan las capacidades institucionales para la preservaci\u00f3n del medio ambiente, si se acelera la aplicaci\u00f3n de estrategias y planes de acci\u00f3n para la gesti\u00f3n sostenible y la conservaci\u00f3n de los recursos naturales y los ecosistemas, si se refuerza la aplicaci\u00f3n de pol\u00edticas de transici\u00f3n energ\u00e9tica, si se fortalecen las pol\u00edticas y estrategias para la prevenci\u00f3n y gesti\u00f3n de riesgos graves y la mitigaci\u00f3n de su repercusi\u00f3n financiera, entonces la sociedad y sus ciudadanos ser\u00e1n m\u00e1s resilientes y estar\u00e1n suficientemente preparados para hacer frente a las vulnerabilidades vinculadas al cambio clim\u00e1tico. El resultado contribuir\u00e1 a los Objetivos de Desarrollo Sostenible 5-7, 12-15 y 17, utilizando las soluciones emblem\u00e1ticas 2, 3, 4 y 5 12. 17. A trav\u00e9s de cuatro productos, el pilar aborda la conservaci\u00f3n de los recursos naturales y los ecosistemas y la degradaci\u00f3n de las tierras; el cambio clim\u00e1tico; la transici\u00f3n energ\u00e9tica; y los compromisos nacionales, regionales y mundiales. Esto se lograr\u00e1 en colaboraci\u00f3n con el Gobierno, el ENUP y los principales asociados para el desarrollo, y se medir\u00e1 respecto a los compromisos nacionales y las metas e indicadores disponibles de los Objetivos de Desarrollo Sostenible. 18. El Plan Nacional sobre el Clima de Argelia constituye un programa de mitigaci\u00f3n y adaptaci\u00f3n cuyo objetivo es lograr un crecimiento socioecon\u00f3mico sostenido y un desarrollo social inclusivo; y promover la integraci\u00f3n de estrategias de adaptaci\u00f3n en sectores econ\u00f3micos identificados como vulnerables al cambio clim\u00e1tico. En colaboraci\u00f3n con el Ministerio de Medio Ambiente y en colaboraci\u00f3n con la Organizaci\u00f3n de las Naciones Unidas para la Alimentaci\u00f3n y la Agricultura (FAO) y el Fondo para el Medio Ambiente Mundial (FMAM), el PNUD apoyar\u00e1 programas nacionales que hagan frente las vulnerabilidades ante el cambio clim\u00e1tico y desarrollen soluciones para aplicar el Plan Nacional sobre el Clima. El PNUD seguir\u00e1 brindando apoyo al Ministerio de Medio Ambiente en la preparaci\u00f3n de su tercera comunicaci\u00f3n nacional, su primera actualizaci\u00f3n bienal sobre el cambio clim\u00e1tico y la elaboraci\u00f3n del plan nacional de adaptaci\u00f3n. En colaboraci\u00f3n con la secretar\u00eda de la Desertificaci\u00f3n y la FAO, el PNUD trabajar\u00e1 para prevenir la degradaci\u00f3n de las tierras y la desertificaci\u00f3n, prestando apoyo t\u00e9cnico y operacional para proteger la biodiversidad. las Naciones Unidas de Lucha contra la Convenci\u00f3n de 19. El PNUD impulsar\u00e1 estrategias, como la financiaci\u00f3n, que incentiven a los sectores p\u00fablico y privado para que realicen inversiones innovadoras que promuevan __________________ 12 El Plan Estrat\u00e9gico del PNUD para 2022-2025 cita seis soluciones emblem\u00e1ticas: 1. Pobreza 2. Gobernanza 3. Resiliencia 4. Medio ambiente 5. Energ\u00eda y 6. G\u00e9nero. 22-27872 5/18 DP/DCP/DZA/4 soluciones sociales y econ\u00f3micas que protejan la biodiversidad y el medio ambiente. El apoyo al plan nacional de adaptaci\u00f3n est\u00e1 expl\u00edcitamente vinculado al crecimiento y la diversificaci\u00f3n econ\u00f3micos, que, a cambio, se beneficiar\u00e1n de soluciones pol\u00edticas de financiaci\u00f3n clim\u00e1tica. En este sentido, la labor prevista con el Ministerio de Medio Ambiente y el Fondo para el Medio Ambiente Mundial en materia de gesti\u00f3n integrada de residuos contribuir\u00e1 al desarrollo de una econom\u00eda circular que fomentar\u00e1 la creaci\u00f3n de empleo en todas las cadenas de valor ecol\u00f3gicas emergentes. 20. Como organismo principal entre las organizaciones residentes que trabajan en la transici\u00f3n energ\u00e9tica, el PNUD prestar\u00e1 asistencia t\u00e9cnica al Gobierno para elaborar un nuevo modelo energ\u00e9tico y redactar un nuevo marco regulatorio para la transici\u00f3n energ\u00e9tica. Esta tarea se llevar\u00e1 a cabo en colaboraci\u00f3n con la Agencia Internacional de Energ\u00edas Renovables, entre otros agentes. Se buscar\u00e1n sinergias con un modelo de crecimiento econ\u00f3mico inclusivo, especialmente en materia de creaci\u00f3n de empleo y de desarrollo del esp\u00edritu empresarial. 21. La prevenci\u00f3n y mitigaci\u00f3n de los principales riesgos naturales ser\u00e1 otro de los objetivos clave del PNUD. Como parte del Programa Tripartito anunciado en la Cumbre sobre la Acci\u00f3n Clim\u00e1tica organizada por el Secretario General en septiembre de 2019, el PNUD colaborar\u00e1 con la Direcci\u00f3n General Forestal del Ministerio de Agricultura y el sector asegurador en la financiaci\u00f3n del riesgo clim\u00e1tico y los seguros inclusivos para mejorar la resiliencia institucional y socioecon\u00f3mica ante los riesgos clim\u00e1ticos y otros peligros naturales. Estos \u00faltimos, entre otros, son supervisados por la Delegaci\u00f3n Nacional de Riesgos Graves, otro asociado clave para impulsar las reformas en este \u00e1mbito. Resultado 2. Crecimiento econ\u00f3mico inclusivo 22. La contribuci\u00f3n del PNUD a este resultado se sustenta en la teor\u00eda del cambio seg\u00fan la cual si las instituciones nacionales han reforzado sus capacidades para anticiparse y responder a la necesidad de cualificaci\u00f3n del mercado de trabajo, si las empresas han reforzado sus capacidades para desarrollar e integrar cadenas de valor agroalimentarias sostenibles, y si las personas se benefician de mecanismos de apoyo e incentivos para su inclusi\u00f3n en una econom\u00eda verde, circular, innovadora y creativa, entonces se avanzar\u00e1 hacia una econom\u00eda diversificada que genere empleos decentes e inclusivos, al tiempo que respeta el medio ambiente. El resultado contribuir\u00e1 a los Objetivos de Desarrollo Sostenible 1, 2, 4, 5, 7, 8, 10 y 12, aprovechando las soluciones emblem\u00e1ticas 1, 3, 4 y 5 del PNUD. 23. En consonancia con el Plan de Recuperaci\u00f3n Econ\u00f3mica de Argelia 13, el pilar apoyar\u00e1 un desarrollo econ\u00f3mico nacional m\u00e1s resiliente, inclusivo y solidario. El PNUD apoyar\u00e1 la diversificaci\u00f3n econ\u00f3mica, la creaci\u00f3n de empleo sostenible y un ecosistema de emprendimiento eficiente. Para lograrlo, el PNUD, en colaboraci\u00f3n con el Ministerio de Trabajo, Empleo y Seguridad Social y en sinergia con la Organizaci\u00f3n Internacional del Trabajo (OIT), consolidar\u00e1 y ampliar\u00e1 la labor existente para promover la econom\u00eda social y solidaria, centrando su atenci\u00f3n en el aumento de las oportunidades de empleo para los j\u00f3venes, las mujeres y las personas con discapacidad a trav\u00e9s de modelos econ\u00f3micos de solidaridad social. 24. Buscando sinergias a nivel de toda su cartera, el PNUD contribuir\u00e1 al establecimiento de una econom\u00eda circular inclusiva bas\u00e1ndose en su pr\u00f3ximo proyecto de gesti\u00f3n de residuos; e incentivando el sector de las mipymes mediante el desarrollo de las competencias, aptitudes y capacidades necesarias para la transici\u00f3n energ\u00e9tica. En colaboraci\u00f3n con el Ministerio de Empresas Emergentes y Microempresas, el __________________ 13 Plan de Relance \u00c9conomique (Plan de Recuperaci\u00f3n Econ\u00f3mica), Services du Premier Ministre, junio de 2021. 6/18 22-27872 DP/DCP/DZA/4 PNUD apoyar\u00e1 el fortalecimiento de las capacidades institucionales para s eguir desarrollando el ecosistema empresarial a trav\u00e9s de la innovaci\u00f3n. Sobre la base de la labor realizada como parte de la respuesta a la COVID-19, el PNUD apoyar\u00e1 el fortalecimiento de las capacidades de ensayos de drogas del ministerio responsable de los productos farmac\u00e9uticos y la industria, un requisito previo para ampliar las cadenas de valor farmac\u00e9uticas nacionales. 25. La elaboraci\u00f3n de una hoja de ruta gubernamental para aumentar la inversi\u00f3n en los Objetivos de Desarrollo Sostenible es otra \u00e1rea prioritaria que el PNUD liderar\u00e1 en colaboraci\u00f3n con los organismos de las Naciones Unidas. Esto permitir\u00e1 al Gobierno y a las instituciones nacionales trazar, optimizar y reorientar las pol\u00edticas p\u00fablicas existentes y catalizar inversiones estrat\u00e9gicas adecuadas al contexto argelino. En colaboraci\u00f3n con el Ministerio de Finanzas y en asociaci\u00f3n con la Conferencia de las Naciones Unidas sobre Comercio y Desarrollo (UNCTAD), el PNUD apoyar\u00e1 los esfuerzos encaminados a financiar los Objetivos mediante la aplicaci\u00f3n del marco financiero nacional integrado; una soluci\u00f3n para dise\u00f1ar, supervisar y revisar la estrategia financiera del Gobierno con el fin de alcanzar prioridades nacionales sostenibles relacionadas con los objetivos. Este enfoque se complementa con un programa exhaustivo sobre transparencia presupuestaria, que se espera ponga en marcha, entre otras cosas, herramientas de presupuestaci\u00f3n social y con perspectiva de g\u00e9nero. Del mismo modo, a trav\u00e9s de la Iniciativa para la Financiaci\u00f3n de la Biodiversidad, el PNUD apoyar\u00e1 al Gobierno argelino para catalizar inversiones que sean compatibles tanto con la preservaci\u00f3n de la biodiversidad y la naturaleza como con el imperativo de un crecimiento econ\u00f3mico inclusivo. 26. Para fomentar el crecimiento econ\u00f3mico, los esfuerzos del Gobierno se centran en desarrollar cadenas de valor sostenibles e inclusivas de sectores prometedores reforzando las capacidades del sector privado. La agricultura y la pesca son de vital importancia si se tienen en cuenta los retos que plantea la seguridad alimentaria mundial. El PNUD, en colaboraci\u00f3n con los asociados de las Naciones Unidas y los ministerios pertinentes, apoyar\u00e1 las iniciativas nacionales para promover la estrategia nacional para las mipymes. En colaboraci\u00f3n con el Fondo de las Naciones Unidas para el Desarrollo de la Capitalizaci\u00f3n y la Corporaci\u00f3n Financiera Internacional, tambi\u00e9n se buscar\u00e1 la inclusi\u00f3n financiera y un mayor acceso de las mipymes a la financiaci\u00f3n a trav\u00e9s de soluciones digitales. Documento final 3. Gobernanza democr\u00e1tica 27. La contribuci\u00f3n del PNUD a este resultado se sustenta en la teor\u00eda del cambio seg\u00fan la cual si se refuerza el marco institucional para la transparencia y la rendici\u00f3n de cuentas, si se fortalecen los mecanismos de cohesi\u00f3n social y la participaci\u00f3n efectiva de las mujeres y los j\u00f3venes, si se mejora la eficacia de la administraci\u00f3n y el acceso a servicios p\u00fablicos de calidad, si se refuerza el acceso a la justicia de conformidad con el estado de derecho, entonces las instituciones argelinas estar\u00e1n mejor equipadas para prestar servicios de calidad, hacer frente a las desigualdades y garantizar que nadie se quede atr\u00e1s. El resultado contribuir\u00e1 a los Objetivos de Desarrollo Sostenible 1, 3, 5, 10 y 16 y a las soluciones emble m\u00e1ticas 1, 2, 3 y 6 del PNUD. 28. A trav\u00e9s de su liderazgo intelectual en materia de gobernanza democr\u00e1tica y estado de derecho, el PNUD apoyar\u00e1 los esfuerzos nacionales para la aplicaci\u00f3n efectiva de la Constituci\u00f3n. El Tribunal Constitucional y el PNUD p romover\u00e1n conjuntamente la ampliaci\u00f3n del espacio c\u00edvico y el refuerzo de la participaci\u00f3n ciudadana en los procesos jur\u00eddicos, institucionales y pol\u00edticos. La oficina en el pa\u00eds colaborar\u00e1 con el Centro de Oslo para la Gobernanza del PNUD y el Departament o 22-27872 7/18 DP/DCP/DZA/4 de Asuntos Pol\u00edticos y de Consolidaci\u00f3n de la Paz de las Naciones Unidas para mejorar el acceso a los derechos constitucionales. la promoci\u00f3n de justicia mediante la 29. La lucha contra la corrupci\u00f3n, la mejora de la transparencia y la rendici\u00f3n de cuentas en el sector p\u00fablico y el fomento de la cohesi\u00f3n social son prioridades alineadas con la nueva Constituci\u00f3n aprobada en 2020. Este pilar tomar\u00e1 como base las lecciones aprendidas del anterior ciclo program\u00e1tico y ampliar\u00e1 su enfoque para incluir una mayor participaci\u00f3n de la sociedad civil, junto con s\u00f3lidos mecanismos de rendici\u00f3n de cuentas, y promover la participaci\u00f3n social, econ\u00f3mica y pol\u00edtica de los j\u00f3venes y las mujeres. El PNUD trabajar\u00e1 con el parlamento y sus miembros para que ejerzan eficazmente sus funciones legislativas, representativas y de supervisi\u00f3n, apoyando al mismo tiempo las iniciativas destinadas a aumentar la participaci\u00f3n pol\u00edtica de las mujeres14. Conjuntamente con la Oficina de las Naciones Unidas contra la Droga y el Delito, el PNUD apoyar\u00e1 los esfuerzos del Estado por culminar y aplicar una estrategia nacional para promover la integridad y la lucha contra la corrupci\u00f3n, al tiempo que promover\u00e1 los esfuerzos sectoriales por detectar y hacer frente a los riesgos de corrupci\u00f3n que socavan el potencial del sector para avanzar hacia los Objetivos de Desarrollo Sostenible. 30. Con el objetivo de no dejar a nadie atr\u00e1s, el PNUD, junto con el Ministerio de Juventud y Deportes y el Fondo de Poblaci\u00f3n de las Naciones Unidas, apo yar\u00e1 el desarrollo y la aplicaci\u00f3n de pol\u00edticas p\u00fablicas que fomenten la inclusi\u00f3n y la participaci\u00f3n proactiva de los j\u00f3venes en las esferas social, econ\u00f3mica y pol\u00edtica. Junto con el Ministerio de Justicia, el PNUD profundizar\u00e1 en su labor previa de promoci\u00f3n del estado de derecho aumentando las posibilidades de reintegraci\u00f3n social de antiguos detenidos en apoyo de la cohesi\u00f3n social, lo que fomentar\u00e1 la confianza entre los ciudadanos y el Estado. 31. En respuesta a las prioridades nacionales de reforzar la participaci\u00f3n ciudadana en la vida social, econ\u00f3mica y pol\u00edtica del pa\u00eds, el PNUD, en colaboraci\u00f3n con el Ministerio del Interior, las colectividades locales y planificaci\u00f3n territorial, llevar\u00e1 a cabo iniciativas que fortalezcan la participaci\u00f3n socio econ\u00f3mica, el desarrollo local inclusivo y la transparencia y la rendici\u00f3n de cuentas de las instituciones p\u00fablicas, que son esenciales para una sociedad pac\u00edfica e inclusiva. El PNUD tomar\u00e1 como base sus logros anteriores, que incluyen la elaboraci\u00f3n de planes de desarrollo comunales, y aprovechar\u00e1 las complementariedades con los asociados para el desarrollo para promover y contribuir a la consecuci\u00f3n de los Objetivos de Desarrollo Sostenible a nivel local. Adem\u00e1s, se mejorar\u00e1 el acceso a los servicios soc iales, especialmente en el \u00e1mbito de la salud, mediante el fortalecimiento de las capacidades nacionales, incluida la participaci\u00f3n de la sociedad civil. III. Gesti\u00f3n del programa y de los riesgos 32. El presente documento del programa para el pa\u00eds describe a grandes rasgos las contribuciones del PNUD a los resultados nacionales y constituye el principal m\u00e9todo de rendici\u00f3n de cuentas ante la Junta Ejecutiva en lo que respecta a la armonizaci\u00f3n de resultados y los recursos asignados al programa a nivel del pa\u00eds. La responsabilidad del personal directivo a nivel nacional, regional y de la sede respecto de los programas para los pa\u00edses se establece en las pol\u00edticas y los procedimientos de operaciones y programas y en el marco de control interno de la organizaci\u00f3n. __________________ 14 La nueva legislaci\u00f3n electoral supuso un retroceso para el sistema de cuotas, con solo 35 mujeres elegidas (el 8,59 % de los esca\u00f1os) frente a las 119 de la anterior legislatura. 8/18 22-27872 DP/DCP/DZA/4 33. El programa se ejecutar\u00e1 a nivel nacional. De ser necesario, podr\u00e1 sustituirse la ejecuci\u00f3n nacional por la ejecuci\u00f3n directa de una parte o la totalidad del programa para responder a situaciones de fuerza mayor. Se utilizar\u00e1 el m\u00e9todo armonizado de transferencias en efectivo en coordinaci\u00f3n con otros organismos de las Naciones Unidas para gestionar los riesgos financieros. Las definiciones y clasificaciones de costos respecto de la eficacia del programa y las actividades de desarrollo se imputar\u00e1n a los proyectos respectivos. 34. Debido a su condici\u00f3n de pa\u00eds de ingreso mediano, los donantes bilaterales y multilaterales asignan a Argelia una financiaci\u00f3n limitada. El PNUD trabajar\u00e1 con el gobierno y otros asociados para adaptarse a las incertidumbres y disrupciones relacionadas con la financiaci\u00f3n. Se prever\u00e1n, en concertaci\u00f3n con el Gobierno, instrumentos de programaci\u00f3n innovadores, es decir, el mecanismo de intervenci\u00f3n, la participaci\u00f3n del Gobierno en la financiaci\u00f3n de los gastos, servicios de asesoramiento para el desarrollo e instrumentos de programaci\u00f3n conjunta. 35. El PNUD colaborar\u00e1 con el Gobierno mediante an\u00e1lisis de datos, evaluaciones de mitad de per\u00edodo y otras herramientas de gesti\u00f3n y seguimiento basadas en el principio de la obligaci\u00f3n compartida de rendir cuentas para anticipar y mitigar los riesgos relacionados con la ejecuci\u00f3n satisfactoria del programa para el pa\u00eds. Las reuniones anuales del comit\u00e9 directivo del proyecto y, cuando sea necesario, las reuniones especiales, garantizar\u00e1n que cualquier cuesti\u00f3n que surja se aborde de forma pertinente y oportuna. 36. Se garantizar\u00e1 el aseguramiento de la calidad y las salvaguardias sociales y ambientales para evitar repercusiones sociales negativas y controlar la huella ecol\u00f3gica del programa. En consecuencia, se establecer\u00e1n mecanismos de reclamaci\u00f3n. El PNUD ha integrado la igualdad de g\u00e9nero y el empoderamiento de las mujeres en la programaci\u00f3n y ha prestado especial atenci\u00f3n a las necesidades de los j\u00f3venes y las mujeres rurales de las localidades m\u00e1s rezagadas en materia de desarrollo para promover un desarrollo inclusivo con el que nadie se quede atr\u00e1s. 37. Como se recomend\u00f3 en la evaluaci\u00f3n del programa anterior, el PNUD reforzar\u00e1 su capacidad program\u00e1tica y operacional y la de sus asociados para apoyar eficazmente la ejecuci\u00f3n del nuevo programa para el pa\u00eds. La planificaci\u00f3n para emergencias del programa ayudar\u00e1 al PNUD a responder eficazmente a cualquier incidente, acontecimiento o situaci\u00f3n importante, por ejemplo, la pandemia de COVID-19, los riesgos de desastres, etc. IV. Seguimiento y evaluaci\u00f3n 38. El programa se ajustar\u00e1 a los requisitos institucionales de seguimiento y evaluaci\u00f3n del PNUD, incluidas las normas del Grupo de Evaluaci\u00f3n de las Naciones Unidas y, cuando proceda, movilizar\u00e1 competencias espec\u00edficas. 39. Como parte del sistema de las Naciones Unidas, el PNUD contribuir\u00e1 al seguimiento del programa para el pa\u00eds y del MCNUDS para avanzar hacia la consecuci\u00f3n de los Objetivos de Desarrollo Sostenib le. En base a la evaluaci\u00f3n del anterior programa para el pa\u00eds, el PNUD establecer\u00e1 un s\u00f3lido sistema de gesti\u00f3n basada en los resultados respaldado por un marco interno de seguimiento y evaluaci\u00f3n. Los indicadores y las metas se optimizar\u00e1n y alinear\u00e1n co n la norma espec\u00edfica, medible, viable, pertinente y con plazos (\u201cSMART\u201d) para medir tanto el impacto como el progreso a nivel de resultados y productos. El seguimiento del programa alimentar\u00e1 el proceso de adopci\u00f3n de decisiones, lo que permitir\u00e1 corregir el rumbo e incluir las lecciones aprendidas. Se apoyar\u00e1n los esfuerzos para reforzar los sistemas nacionales de datos cuando sea pertinente y el PNUD ser\u00e1 responsable 22-27872 9/18 DP/DCP/DZA/4 de responder a cualquier solicitud que fortalezca la medici\u00f3n de los avances respecto a la Agenda 2030. 40. Las evaluaciones tem\u00e1ticas independientes servir\u00e1n de base para el dise\u00f1o y la ejecuci\u00f3n del programa, detectar\u00e1n oportunidades para establecer sinergias en todo el programa para el pa\u00eds y promover\u00e1n el aprendizaje conjunto y la innovac i\u00f3n. 41. Se llevar\u00e1n a cabo an\u00e1lisis de g\u00e9nero a trav\u00e9s de un enfoque de todo el programa, incluida una asignaci\u00f3n presupuestaria del 15 %. El marcador de g\u00e9nero se utilizar\u00e1 para supervisar las intervenciones espec\u00edficas e integradas. 42. La ejecuci\u00f3n del programa ir\u00e1 acompa\u00f1ada de un plan de gesti\u00f3n del conocimiento que incluir\u00e1 notas de pol\u00edticas, documentos tem\u00e1ticos e informes peri\u00f3dicos. Fomentar\u00e1 la memoria institucional, la cultura del intercambio y el refuerzo de la promoci\u00f3n y la comunicaci\u00f3n internas y externas. 10/18 22-27872 Anexo. Marco de resultados y recursos para Argelia (2023-2027) PRIORIDAD U OBJETIVO NACIONAL: ODS 5, 6, 7, 12, 13, 14, 15 y 17 RESULTADO 4 DEL MARCO DE COOPERACI\u00d3N (O EQUIVALENTE) CON PARTICIPACI\u00d3N DEL PNUD: la poblaci\u00f3n se beneficia de la aplicaci\u00f3n de las pol\u00edticas adoptadas por el Gobierno argelino de conformidad con el derecho constitucional a un medio ambiente saludable, conf orme a los objetivos de transici\u00f3n energ\u00e9tica, y en consonancia con los tratados multilaterales en materia de medio ambiente relativos, entre otras cosas, a la lucha contra el cambio clim\u00e1tico, la preservaci\u00f3n de la diversidad biol\u00f3gica, la gesti\u00f3n de los riesgos de desastres y la lucha contra la desertificaci\u00f3n y la degradaci\u00f3n de las tierras. RESULTADO CONEXO DEL PLAN ESTRAT\u00c9GICO: 3 (Crear resiliencia) Indicadores de resultados, bases de referencia y metas del Marco de Cooperaci\u00f3n Fuente de los datos, frecuencia de la recopilaci\u00f3n y responsabilidades Archivos, informes, documentaci\u00f3n oficial de la administraci\u00f3n forestal Balance energ\u00e9tico nacional ( rie/bilan_energetique_national_2019_5 f7b107553bcd.pdf) Inventario nacional de gases de efecto invernadero Informes/ex\u00e1menes de ejecuci\u00f3n del MCNUDS 2023-2027; Actas de la estructura directiva Superficie de ecosistemas forestales gestionados de forma sostenible (planes de gesti\u00f3n, planes de gesti\u00f3n operacional) Base de referencia: 166.187 ha Meta: 550.000 ha Tasa de generaci\u00f3n de electricidad por medio de energ\u00eda renovable Base de referencia: 0,4 % (fuente: acuerdo ambiental internacional) Meta: 13 % Reducci\u00f3n de las emisiones de CO2 Base de referencia: 151 670 kt de CO2 (2019) Meta: reducci\u00f3n del 4,2 % respecto a 2015 (sin ayuda internacional) y 13,2 % (con ayuda internacional) de CDN Desarrollo sostenible de entornos urbanos Base de referencia: n\u00famero de estrategias desarrolladas a trav\u00e9s del MCNUDS; N\u00famero de personas que se benefician de actividades de creaci\u00f3n de capacidad; Productos indicativos del programa para el pa\u00eds (incluidos los indicadores, las bases de referencia y las metas) Resultado 1.1: refuerzo de las capacidades institucionales para la preservaci\u00f3n del medio ambiente y la lucha contra el cambio clim\u00e1tico. Indicador 1.1.a: n\u00famero de instituciones p\u00fablicas y privadas cuyas capacidades se han reforzado Base de referencia (2023): 2 Meta (2027): al menos 35 Fuente de datos y frecuencia: informes del PNUD de Argelia, documentaci\u00f3n oficial Indicador 1.1.b: n\u00famero de municipios con un instrumento operacional de gesti\u00f3n del riesgo clim\u00e1tico Base de referencia (2022): 1 Meta (2027): al menos 5 Fuente de datos y frecuencia: informes del PNUD de Argelia, documentaci\u00f3n oficial Principales asociados y marcos de asociaci\u00f3n Costo estimado por resultado ($) Recursos ordinarios: 776.000 d\u00f3lares Gobierno: los Ministerios de Relaciones Exteriores; de Medio Ambiente, de Energ\u00eda; del Interior, incluida protecci\u00f3n civil; de Finanzas; de Agricultura; de Industria, de Recursos H\u00eddricos; de Vivienda; de Solidaridad de Educaci\u00f3n Superior. Organismos nacionales para el cambio clim\u00e1tico; para presas y trasvases; para el fomento y la racionalizaci\u00f3n del uso de la energ\u00eda; para el desarrollo de las inversiones. Centro de Investigaci\u00f3n de Energ\u00edas Renovables; Comisi\u00f3n Reguladora de la Electricidad y el Gas; Comisi\u00f3n de Energ\u00edas Renovables y Eficiencia Energ\u00e9tica Naciones Unidas: FAO, OIEA, UNCTAD, Convenci\u00f3n de las Naciones Unidas de Lucha contra la Desertificaci\u00f3n Sociedad civil: Institut National de Recherche Foresti\u00e8re, Ecole Nationale Sup\u00e9rieure Agronomique d'Alger, Institut National de la Vulgarisation Agricole, Institut National de la Protection des V\u00e9g\u00e9taux, Institut Technique des Grandes Cultures, Institut National 2 2 - 2 7 8 7 2 1 1 / 1 8 / D P D C P D Z A / 4 / / D P D C P D Z A / 4 / 1 2 / 1 8 Desarrollo de pr\u00e1cticas agr\u00edcolas sostenibles Base de referencia: v\u00e9ase la base de referencia anterior Meta: v\u00e9ase la meta anterior Informes/ex\u00e1menes de ejecuci\u00f3n del MCNUDS 2023-2027. Actas de la estructura directiva 2 2 - 2 7 8 7 2 Otros recursos: 9.050.000 d\u00f3lares. de Recherche Agronomique, Bureau National d'Etude pour le D\u00e9veloppement Rural, Association pour la promotion des femmes (p. ej., Association Promotion des Femmes Rurales de la Wilaya de Skikda). Sector privado: bancos nacionales, instituciones financieras internacionales, seguros Donantes: FMAM, GCF, Gobiernos de Dinamarca; de Alemania; del Jap\u00f3n; de los Pa\u00edses Bajos; de los Estados Unidos de Am\u00e9rica. Otros: Agencia Internacional de Energ\u00edas Renovables, GIZ Resultado 1.2: se acelera la aplicaci\u00f3n de estrategias y planes de acci\u00f3n de gesti\u00f3n sostenible para la conservaci\u00f3n de los recursos naturales y los ecosistemas Indicador 1.2.a: n\u00famero de estrategias nacionales apoyadas para su ejecuci\u00f3n Base de referencia (2022): 2 Meta (2026): al menos 3 Fuente de datos y frecuencia: datos del proyecto y del Gobierno Indicador 1.1.b: se ha establecido un mecanismo para observar y vigilar el impacto del cambio clim\u00e1tico en la costa y el ecosistema marino Base de referencia 2022: no Meta: 2027: s\u00ed Resultado 1.3: apoyo a la estrategia nacional para la transici\u00f3n energ\u00e9tica Indicador 1.3.a: se define un conjunto de opciones para un nuevo modelo energ\u00e9tico y se pone a disposici\u00f3n de los responsables de las decisiones Base de referencia (2022): no Meta (2027): s\u00ed Fuente de datos y frecuencia: informes del PNUD Indicador 1.3.b: se ha finalizado un proyecto de marco regulatorio y est\u00e1 listo para su adopci\u00f3n Base de referencia (2022): no Meta (2027): s\u00ed Fuente de datos y frecuencia: informes del PNUD, leyes Resultado 1.4: refuerzo de las capacidades institucionales para prevenir y gestionar los principales riesgos y de los mecanismos financieros para mitigar su impacto Indicador 1.4.a: n\u00famero de instituciones cuyas capacidades se han reforzado Base de referencia (2022): 0 Meta (2026): al menos 2 Fuente de datos y frecuencia: informes del PNUD, datos oficiales, Consejo Nacional de Seguros. PRIORIDAD U OBJETIVO NACIONAL: ODS 1, 2, 5, 8, 9 y 12 RESULTADO 1 DEL MARCO DE COOPERACI\u00d3N (O EQUIVALENTE) CON PARTICIPACI\u00d3N DEL PNUD: la poblaci\u00f3n, incluidas las personas que se encuentran en situaci\u00f3n de vulnerabilidad, se beneficia de una econom\u00eda m\u00e1s resiliente y diversificada gracias a un entorno p ropicio para la inversi\u00f3n y el desarrollo de empresas sostenibles que generan empleos decentes. RESULTADO CONEXO DEL PLAN ESTRAT\u00c9GICO: 1 (transformaci\u00f3n estructural) Recursos ordinarios: 700.000 d\u00f3lares Proporci\u00f3n de j\u00f3venes (entre 15 y 24 a\u00f1os) que no cursan estudios, no est\u00e1n empleados ni reciben capacitaci\u00f3n, desglosada por sexo (indicador nacional 8.6.1 de los ODS) Base de referencia: global: 26,2 % (2019); Mujeres: 32,1 % (2019) Hombres: 20,4 % (2019) Meta: global: 22 %; Mujeres: 27 %; Hombres: 17 % Tasa de desempleo Base de referencia: global: 9,1 % (2019) Mujeres: 20,4 % (2019) Hombres: 11,4 % (2019) Total j\u00f3venes (16-24 a\u00f1os): 23,6% (2019) Mujeres j\u00f3venes (16-24): 45,1 % (2019) Hombres j\u00f3venes (16-24): 26,9 % (2019) Oficina Nacional de Estad\u00edstica (ONS) Agencia Nacional de Empleo (ANEM) ONS ANEM ONS Direcci\u00f3n General de Aduanas Banco de Argelia ONS Centre National du Registre du Commerce Resultado 2.1: las instituciones nacionales han reforzado sus capacidades para anticiparse y responder a las necesidades de cualificaci\u00f3n del mercado de trabajo y apoyar la transici\u00f3n hacia un trabajo decente, especialmente para las mujeres y los j\u00f3venes Indicador 2.1.a: n\u00famero de instituciones nacionales cuyas capacidades se han reforzado para promover el empleo inclusivo y sostenible Base de referencia (2022): 5 Meta (2027): al menos 9 Fuente de datos y frecuencia: informes del PNUD Resultado 2.2: las instituciones y las empresas (microempresas y peque\u00f1as y medianas empresas) han reforzado sus capacidades para desarrollar sectores prometedores de manera sostenible Gobierno: Ministerios de Trabajo; de Formaci\u00f3n Profesional; de Comercio; del Interior; de Relaciones Exteriores; de Finanzas; de Agricultura; de Pesca; de Industria; de Medio Ambiente; de Transici\u00f3n Energ\u00e9tica; de Educaci\u00f3n Superior; de Empresas Emergentes; de Correos y Telecomunicaciones; de Turismo; de Juventud. Banco Central; Agencia Nacional de Desechos; Agencia Nacional de Apoyo y Desarrollo del Emprendimiento; Conservatorio Nacional de Formaci\u00f3n Ambiental; Autoridad Reguladora de Correos y Comunicaciones Electr\u00f3nicas; C\u00e1mara de Comercio e Industria. FAO, OIT, Centro de Comercio Internacional, OMPI Sociedad civil: Universidad de Ciencia y Tecnolog\u00eda Houari Boumediene, Universidad 2 2 - 2 7 8 7 2 1 3 / 1 8 / D P D C P D Z A / 4 / / D P D C P D Z A / 4 / Mouloud-Mammeri de Tizi Ouzou, Asociaciones de CapDel, Sidra (asociaci\u00f3n para el desarrollo de la juventud), CirculeR, cooperativas, organizaciones profesionales, Torba (colectivo para la agroecolog\u00eda). Sector privado: operadores de telefon\u00eda m\u00f3vil, bancos, organizaciones de productores, incubadoras de empresas, BBC Media Action IFI: Banco Africano de Desarrollo, Corporaci\u00f3n Financiera Internacional, Grupo Banco Mundial Donantes: Gobiernos de Alemania; de B\u00e9lgica; de Francia; de Italia; del Jap\u00f3n; de los Pa\u00edses Bajos; del Reino Unido. Uni\u00f3n Europea, FMAM Otros: Agencia Espa\u00f1ola de Cooperaci\u00f3n Internacional para el Desarrollo, Agencia Francesa de Desarrollo Otros recursos: 7.370.000 d\u00f3lares Indicador 2.2.a: n\u00famero de mipymes que se han beneficiado de programas de creaci\u00f3n de capacidad Base de referencia (2022): 32 Meta (2027): 382 Fuente de datos y frecuencia: Datos sectoriales, informes del PNUD Indicador 2.2.b: n\u00famero de estructuras institucionales locales apoyadas en el \u00e1mbito de la econom\u00eda social y solidaria y apoyo a la creaci\u00f3n de empleo: Base de referencia (2022): 16 Meta (2027): 371 Resultado 2.3: las mujeres y los hombres emprendedores j\u00f3venes se benefician de una inclusi\u00f3n econ\u00f3mica sostenible a trav\u00e9s de la promoci\u00f3n de la econom\u00eda social y solidaria Indicador 2.2.b: n\u00famero de personas, desglosado por edad y sexo, que se han beneficiado de soluciones de inclusi\u00f3n financiera Base de referencia (2022): 3040 (1535 mujeres/1505 hombres) Meta (2027): 4640 Fuente de datos y frecuencia: informes del PNUD 1 4 / 1 8 Meta: mujeres: 17 %; Total j\u00f3venes 20 %; Mujeres j\u00f3venes: 38 %; Hombres j\u00f3venes 22 % 2 2 - 2 7 8 7 2 PRIORIDAD U OBJETIVO NACIONAL: ODS 1, 3, 5, 10, 16 RESULTADO 2 DEL MARCO DE COOPERACI\u00d3N (O EQUIVALENTE) CON PARTICIPACI\u00d3N DEL PNUD: la poblaci\u00f3n se beneficia de instituciones transparentes, responsables y eficaces que garantizan su participaci\u00f3n y representaci\u00f3n efectivas y el estado de derecho, as\u00ed como la promoci\u00f3n de valores de inclusividad y no discriminaci\u00f3n, incluidas las personas que se encuentran en situaci\u00f3n de vulnerabilidad. RESULTADO CONEXO DEL PLAN ESTRAT\u00c9GICO: 2 (no dejar a nadie atr\u00e1s) Puntaje del \u00edndice de percepci\u00f3n de la corrupci\u00f3n Base de referencia: 36/100 (2020) Meta: PD Clasificaci\u00f3n de Transparency International Resultado 3.1: refuerzo del marco institucional para la transparencia y la rendici\u00f3n de cuentas, y de su aplicaci\u00f3n, de conformidad con los ODS Gobierno: Ministerios del Interior; de Relaciones con el Parlamento; de Finanzas; de Justicia; de Salud; de Trabajo; de Formaci\u00f3n; de Solidaridad. Recursos ordinarios: 1.000.000 de d\u00f3lares Gasto p\u00fablico primario como proporci\u00f3n del presupuesto inicial aprobado, por sector (o c\u00f3digo presupuestario u otro criterio similar) - Indicador 16.6.1 de los ODS Base de referencia: 99,7983 (2019) Meta: PD Participaci\u00f3n y representaci\u00f3n en todos los niveles de la toma de decisiones (indicador 16.7.1 de los ODS); Representaci\u00f3n de las mujeres en el parlamento/gobierno Base de referencia: mujeres en el parlamento nacional: parlamento nacional 8,11 % (2021) Meta: PD Capacidades de los j\u00f3venes para la participaci\u00f3n pol\u00edtica Base de referencia: j\u00f3venes (< 40 a\u00f1os) en el parlamento nacional: 33,41 % (2021) Meta: PD Proporci\u00f3n de la poblaci\u00f3n cuya \u00faltima experiencia con los servicios p\u00fablicos fue satisfactoria - Indicador 16.6.2 de los ODS Base de referencia: N/A Meta: PD Base de datos mundial de los ODS Base de datos mundial de los ODS Ministerio de Juventud y Deporte; del Interior Ministerio del Interior Ministerio de Digitalizaci\u00f3n y Estad\u00edstica Ministerio de Finanzas Ministerio de Digitalizaci\u00f3n y Estad\u00edstica Indicador 3.1.a: n\u00famero de textos normativos en materia de transparencia y lucha contra la corrupci\u00f3n elaborados Base de referencia (2022): ninguno Meta (2026): al menos 2 Fuente de datos, frecuencia: publicaciones oficiales, informes del PNUD Indicador 3.1.b: n\u00famero de instituciones apoyadas Base de referencia (2021): 1 Meta (2026): al menos 4 Fuente de datos, frecuencia: memorandos de entendimiento, documentos del proyecto, informes del PNUD Indicador 3.1.c: se elabora una hoja de ruta gubernamental para la financiaci\u00f3n para el desarrollo Base de referencia (2021): no Meta (2026): s\u00ed Fuente de datos, frecuencia: publicaciones oficiales, documentos del proyecto, informes del PNUD Banco Central; Asamblea Popular Nacional y Consejo de la Naci\u00f3n; Tribunal de Cuentas; Inspecci\u00f3n General de Finanzas; \u00d3rgano Nacional de Prevenci\u00f3n y Lucha contra la Corrupci\u00f3n; Consejo Econ\u00f3mico, Social y Medioambiental Nacional; Mediador de la Rep\u00fablica. Naciones Unidas: UNCTAD, UNICEF, ONU-Mujeres, PMA Sociedad civil: red nacional de integridad, periodismo de investigaci\u00f3n, laboratorios de investigaci\u00f3n especializados IFI: Grupo Banco Mundial, Banco Isl\u00e1mico de Desarrollo Donantes: Gobiernos de la Rep\u00fablica de Corea, de Suiza, del Reino Unido y de los Estados Unidos. La Uni\u00f3n Europea; Fondo para la Consolidaci\u00f3n de la Paz. Otros: Fundaci\u00f3n Berghof, Academia Folke Bernadotte, Collaborative Learning Projects, Uni\u00f3n Interparlamentaria, Organizaci\u00f3n Mundial de Parlamentarios contra la Corrupci\u00f3n, Centro de Gobernanza de Oslo del PNUD; Direcci\u00f3n de Gesti\u00f3n de Crisis del PNUD 2 2 - 2 7 8 7 2 1 5 / 1 8 / D P D C P D Z A / 4 / / D P D C P D Z A / 4 / 1 6 / 1 8 2 2 - 2 7 8 7 2 Otros recursos: 8.350.000 d\u00f3lares Resultado 3.2: apoyo a estrategias sectoriales que promuevan la participaci\u00f3n efectiva de las mujeres y los j\u00f3venes e integren mecanismos de cohesi\u00f3n social en la vida p\u00fablica Indicador 3.2.a: n\u00famero de estrategias sectoriales apoyadas Base de referencia (2022): 0 Meta (2027): al menos 2 Fuente de datos, frecuencia: documentaci\u00f3n oficial, informes del PNUD Producto 3.3: fortalecimiento del desarrollo y la gobernanza locales mediante la mejora del acceso a los servicios y la diversificaci\u00f3n econ\u00f3mica inclusiva Indicador 3.3.a: n\u00famero de municipios apoyados Base de referencia (2022): 7 Meta (2027): 20 Fuente de datos, frecuencia: documentos oficiales, informes del PNUD Indicador 3.3.b: n\u00famero de establecimientos de salud cuya capacidad se ha reforzado Base de referencia (2022): 50 Meta (2027): al menos 70 Fuente de datos y frecuencia: datos program\u00e1ticos del PNUD, Ministerio de Salud, Poblaci\u00f3n y Reforma Hospitalaria, Ministerio de Industria Farmac\u00e9utica Resultado 3.4: fortalecimiento del acceso a la justicia de conformidad con el estado de derecho Indicador 3.4.a: n\u00famero de actividades de comunicaci\u00f3n sobre el Tribunal Constitucional en beneficio de la poblaci\u00f3n Base de referencia (2021): 3 Meta (2027): 4 Fuente: documentaci\u00f3n oficial (datos del Tribunal Constitucional), informes del PNUD Indicador 3.4.b: porcentaje de reclusos desglosados por sexo con un plan de reintegraci\u00f3n normalizado que contiene un plan de liberaci\u00f3n Base de referencia (2022): 0 Meta (2027): 40 % hombres y 40 % mujeres Fuente de datos y frecuencia: documentaci\u00f3n oficial, informes del PNUD 2 2 - 2 7 8 7 2 1 7 / 1 8 / D P D C P D Z A / 4 / / D P D C P D Z A / 4 / Resultado 3.5: Fortalecimiento de la eficacia de las funciones parlamentarias de conformidad con el Estado de Derecho Indicador 3.5.a: porcentaje de esca\u00f1os en el parlamento nacional que han recibido formaci\u00f3n del PNUD Base de referencia (2022): 0 % Meta (2027): al menos 20 % Fuente: documentaci\u00f3n oficial (datos del Parlamento), informes del PNUD Recursos ordinarios: 2.476.000 d\u00f3lares Otros recursos: 24.770.000 d\u00f3lares Total 27.246.000 d\u00f3lares Total 1 8 / 1 8 2 2 - 2 7 8 7 2 "}