{"Code": "DZA-CPD-2023-FR", "Status": null, "Country Name": "Algeria", "Country Code": "DZA", "Category": "CPD", "KeyWord to Search": null, "Document Title": "Gasification and Power Generation Characteristics of Rice\nHusk, Sawdust, and Coconut Shell Using a Fixed-Bed\nDowndraft Gasifier ", "Exists?": "Y", "Publication Date": "30 January \u2013 3 February 2023", "Publication Year": "30 January \u2013 3 February 2023", "Start Year": "2023", "End Year": "2027", "Language": "FR", "Link": "https://digitallibrary.un.org/record/3998969/files/DP_DCP_DZA_4-FR.pdf?ln=en", "Content": "Nations Unies Conseil d\u2019administration du Programme des Nations Unies pour le d\u00e9veloppement, du Fonds des Nations Unies pour la population et du Bureau des Nations Unies pour les services d\u2019appui aux projets DP/DCP/DZA/4 Distr. g\u00e9n\u00e9rale 7 d\u00e9cembre 2022 Fran\u00e7ais Original : anglais Premi\u00e8re session ordinaire de 2023 30 janvier-3 f\u00e9vrier 2023, New York Point 7 de l\u2019ordre du jour provisoire Programmes de pays et questions connexes Descriptif de programme de pays pour l\u2019Alg\u00e9rie (2023-2027) Table des mati\u00e8res Chapitre I. R\u00f4le du PNUD au regard du Plan-cadre de coop\u00e9ration des Nations Unies pour le d\u00e9veloppement durable . . . . . . . . . . . . . . . . . . . . . . . . . . . . . . . . . . . . . . . . . . . . . . . . . . . . . . . . II. Priorit\u00e9s du programme et partenariats . . . . . . . . . . . . . . . . . . . . . . . . . . . . . . . . . . . . . . . . . . . . . III. Administration du programme et gestion des risques . . . . . . . . . . . . . . . . . . . . . . . . . . . . . . . . . . Page 2 4 9 IV. Contr\u00f4le de l\u2019ex\u00e9cution et \u00e9valuation du programme . . . . . . . . . . . . . . . . . . . . . . . . . . . . . . . . . . 10 Annexe Cadre de r\u00e9sultats et d\u2019allocation de ressources pour l\u2019Alg\u00e9rie (2023-2027) . . . . . . . . . . . . . . . 11 22-27872 (F) 141222 301222 *2227872* DP/DCP/DZA/4 I. R\u00f4le du PNUD au regard du Plan-cadre de coop\u00e9ration des Nations Unies pour le d\u00e9veloppement durable 1. L\u2019Alg\u00e9rie est un pays \u00e0 revenu interm\u00e9diaire engag\u00e9 dans d\u2019importantes r\u00e9formes d\u2019ordre \u00e9conomique, politique1 et environnemental. L\u2019indice de d\u00e9veloppement humain s\u2019y \u00e9tablit \u00e0 0,745 (96e sur 191 pays)2, ce qui t\u00e9moigne des progr\u00e8s consid\u00e9rables r\u00e9alis\u00e9s dans l\u2019ensemble des indicateurs de d\u00e9veloppement humain. La feuille de route vers la \u00ab nouvelle Alg\u00e9rie \u00bb a donn\u00e9 forme \u00e0 une nouvelle constitution et \u00e0 des \u00e9lections l\u00e9gislatives, puis \u00e0 des \u00e9lections locales et municipales. Gr\u00e2ce \u00e0 la modification de la loi \u00e9lectorale, les jeunes sont beaucoup mieux repr\u00e9sent\u00e9s dans le nouveau corps l\u00e9gislatif (\u00e9lu pour la p\u00e9riode 2021-2026), puisque 135 des 407 d\u00e9put\u00e9s ont moins de 40 ans. 2. Le mod\u00e8le socio\u00e9conomique de l\u2019Alg\u00e9rie se fonde sur l\u2019acc\u00e8s universel aux services sociaux, lequel tient au fait que l\u2019\u00c9tat subventionne certains produits et services de base (eau, gaz, \u00e9lectricit\u00e9, location de logements, etc.). En 2020 3, la chute des prix du p\u00e9trole au niveau mondial, aggrav\u00e9e par les cons\u00e9quences de la pand\u00e9mie de maladie \u00e0 coronavirus (COVID-19), a entra\u00een\u00e9 une contraction de 5,1 % du produit int\u00e9rieur brut (PIB). La situation \u00e9conomique reste aujourd\u2019hui difficile en raison de la flamb\u00e9e des prix alimentaires et du fait qu\u2019il demeure ardu pour les Alg\u00e9riens de trouver un emploi4. L\u2019ann\u00e9e 2021 a toutefois vu des signes de reprise \u00e9conomique, puisque le PIB a connu une forte augmentation, \u00e0 hauteur de 3,8 %5. Les prix de l\u2019\u00e9nergie sont \u00e0 leur niveau le plus haut de ces dix derni\u00e8res ann\u00e9es, ce qui alimente la reprise, consolide l\u2019\u00e9quilibre du budget et du solde ext\u00e9rieur et encourage les nouveaux investissements dans le secteur des hydrocarbures. 3. L\u2019Alg\u00e9rie s\u2019\u00e9tant engag\u00e9e \u00e0 r\u00e9aliser les objectifs de d\u00e9veloppement durable, le Plan-cadre de coop\u00e9ration des Nations Unies pour le d\u00e9veloppement durable pour 2023-2027 peut \u00eatre consid\u00e9r\u00e9 comme un sch\u00e9ma directeur ambitieux destin\u00e9 \u00e0 guider l\u2019action collective des entit\u00e9s des Nations Unies. Le PNUD contribue pour beaucoup aux r\u00e9sultats obtenus par le syst\u00e8me des Nations Unies pour le d\u00e9veloppement, que ce soit gr\u00e2ce au volume de ses investissements ou \u00e0 son approche ax\u00e9e sur les questions de fond et sur l\u2019avenir. Guid\u00e9 par le Plan d\u2019action du Gouvernement pour 2021-2024 et le plan strat\u00e9gique du PNUD pour 2022-2025, le PNUD-Alg\u00e9rie s\u2019engage \u00e0 contribuer \u00e0 la r\u00e9alisation des r\u00e9alisations 1, 2 et 4 pr\u00e9sent\u00e9es dans le Plan - cadre de coop\u00e9ration. 4. La strat\u00e9gie nationale en faveur de la biodiversit\u00e9 et le plan d \u2019action y aff\u00e9rent pr\u00e9conisent de prot\u00e9ger la biodiversit\u00e9 afin de permettre un d\u00e9veloppement socio\u00e9conomique durable et une bonne adaptation face aux changements climatiques. Dans le cadre de sa contribution pr\u00e9vue d\u00e9termin\u00e9e au niveau national, l \u2019Alg\u00e9rie s\u2019est engag\u00e9e \u00e0 r\u00e9duire d\u2019entre 7 % et 22 % ses \u00e9missions de gaz \u00e0 effet de serre d\u2019ici \u00e0 2030 \u2013 les 7 premiers % seront financ\u00e9s \u00e0 l\u2019aide de ressources nationales et les 15 % restants gr\u00e2ce \u00e0 des financements internationaux. Il s\u2019agit d\u2019un objectif d\u2019\u00e9tape important pour un pays dont le mod\u00e8le \u00e9conomique repose sur les hydrocarbures. La __________________ 1 Plan d\u2019action du Gouvernement pour la mise en \u0153uvre du programme du Pr\u00e9sident de la R\u00e9publique, publi\u00e9 en septembre 2021. 2 PNUD, 2020. Rapport de 2022 sur le d\u00e9veloppement humain intitul\u00e9 Temps incertains, vies boulevers\u00e9es,  22overviewfrpdf.pdf. 3 Banque mondiale, 2021. Alg\u00e9rie : rapport de suivi de la situation \u00e9conomique (avril 2021),  -update-april-2021. 4 Ch\u00f4mage total (en pourcentage de la population active totale), estimation mod\u00e9lis\u00e9e par l\u2019Organisation internationale du Travail (OIT), Alg\u00e9rie | Donn\u00e9es (worldbank.org). 5  2/19 22-27872 DP/DCP/DZA/4 part de l\u2019Alg\u00e9rie dans les \u00e9missions mondiales de gaz \u00e0 effet de serre est relativement faible, mais le pays se classe n\u00e9anmoins 39 e sur les 58 qui produisent 90 % des \u00e9missions au niveau mondial. Tirant parti de l\u2019avantage comparatif dont il b\u00e9n\u00e9ficie s\u2019agissant d\u2019apporter des solutions en mati\u00e8re de politiques publiques relatives \u00e0 la nature et au climat, le PNUD s\u2019emploiera principalement \u00e0 renforcer les capacit\u00e9s institutionnelles dans les domaines de la pr\u00e9servation de l\u2019environnement et de la lutte contre les changements climatiques. 5. En raison des progr\u00e8s faits sur le plan national en mati\u00e8re de d\u00e9veloppement et de croissance \u00e9conomique, la consommation d\u2019\u00e9nergie a augment\u00e9 de fa\u00e7on exponentielle en Alg\u00e9rie au fil des 20 derni\u00e8res ann\u00e9es. Selon le Minist\u00e8re de l\u2019\u00e9nergie et des mines, elle est pass\u00e9e de 31,6 millions de tonnes d\u2019\u00e9quivalent p\u00e9trole en 2010 \u00e0 50,4 millions de tonnes en 2019. Les contributions d\u00e9termin\u00e9es au niveau national pour l\u2019Alg\u00e9rie visent \u00e0 r\u00e9duire de 9 % la consommation d\u2019\u00e9nergie \u00e9lectrique et \u00e0 faire progresser la part de l\u2019\u00e9nergie renouvelable dans la production d\u2019\u00e9lectricit\u00e9 \u00e0 27 % \u00e0 l\u2019horizon 2030 (elle n\u2019en repr\u00e9sente actuellement que 1 %). Fort de plus de 20 ans d\u2019exp\u00e9rience dans la promotion de solutions mondiales ax\u00e9e sur l\u2019\u00e9nergie durable, le PNUD est bien positionn\u00e9 dans le syst\u00e8me des Nations Unies pour le d\u00e9velop pement pour pouvoir aider l\u2019Alg\u00e9rie \u00e0 \u00e9tablir son plan d\u2019action en faveur de la transformation \u00e9nerg\u00e9tique du pays : il peut notamment faciliter l\u2019apport d\u2019une expertise technique, en particulier concernant les mod\u00e8les de transition \u00e9nerg\u00e9tique et les cadr es r\u00e9glementaires associ\u00e9s. 6. Si l\u2019Alg\u00e9rie a r\u00e9alis\u00e9 des progr\u00e8s remarquables s\u2019agissant de permettre aux filles d\u2019acc\u00e9der \u00e0 l\u2019\u00e9ducation6, elle doit encore faire davantage pour leur acc\u00e8s au travail d\u00e9cent. Le taux de participation des femmes au secteur structur\u00e9 de l\u2019\u00e9conomie est d\u2019environ 12 %7 et il y avait deux fois plus de ch\u00f4meuses (22,1 %) que de ch\u00f4meurs (10,4 %) en 20218. Une part consid\u00e9rable des jeunes qui travaillent dans le secteur priv\u00e9 ne sont pas affili\u00e9s au syst\u00e8me de s\u00e9curit\u00e9 sociale : en 2014, cela concernait 88,2 % des travailleurs et travailleuses \u00e2g\u00e9s de 15 \u00e0 24 ans9. Comme l\u2019ont soulign\u00e9 l\u2019examen national volontaire de 2019 10 et le plan d\u2019action du Gouvernement, l\u2019action men\u00e9e en mati\u00e8re d\u2019\u00e9galit\u00e9 d\u2019acc\u00e8s aux services de qualit\u00e9, \u00e0 l\u2019emploi formel et \u00e0 la protection sociale doit se fonder sur des politiques publiques et des investissements durables, aptes \u00e0 soutenir des efforts inclusifs et continus en faveur de la r\u00e9alisation des objectifs de d\u00e9veloppement durable. Gr\u00e2ce \u00e0 ses portefeuilles ax\u00e9s sur la gouvernance d\u00e9mocratique et la diversification \u00e9conomique, le PNUD est id\u00e9alement positionn\u00e9 pour soutenir le gouvernement dans ces domaines. 7. La riposte face \u00e0 la pand\u00e9mie de COVID-19 est une priorit\u00e9 pour le pays. Elle repose sur des mesures de renforcement du syst\u00e8me de sant\u00e9 et des r\u00e9formes de relance \u00e9conomique, l\u2019accent \u00e9tant mis sur la protection sociale et \u00e9conomique des m\u00e9nages et des microentreprises et petites et moyennes entreprises. Le PNUD poss\u00e8de des comp\u00e9tences sp\u00e9cialis\u00e9es en la mati\u00e8re et son approche est centr\u00e9e sur le renforcement des syst\u00e8mes de sant\u00e9 comme vecteur d\u2019un rel\u00e8vement durable. Il a supervis\u00e9 l\u2019aspect technique du plan de secours socio\u00e9conomique de l\u2019Alg\u00e9rie face \u00e0 la COVID-19, en s\u2019appuyant sur les comp\u00e9tences plus larges du syst\u00e8me des Nations Unies pour informer les solutions de politique publique. __________________ 6 Institut de statistique de l\u2019UNESCO : Alg\u00e9rie ( dz?theme=education-and-literacy). 7 Banque mondiale, Donn\u00e9es : Alg\u00e9rie ( SL.EMP.TOTL.SP.FE.ZS?locations=DZ). 8 Banque mondiale, Donn\u00e9es : Alg\u00e9rie ( 9 Office national des statistiques. Enqu\u00eate emploi aupr\u00e8s des m\u00e9nages, 2014 ( Emploi2014.pdf). 10 Voir  22-27872 3/19 DP/DCP/DZA/4 8. Le PNUD s\u2019appuiera sur ce qui a d\u00e9j\u00e0 \u00e9t\u00e9 mis en \u0153uvre et sur les avanc\u00e9es faites dans le cadre de son programme pour 2016-2022 qui, comme cela a \u00e9t\u00e9 mis en lumi\u00e8re par son \u00e9valuation, ont contribu\u00e9, gr\u00e2ce aux r\u00e9sultats probants obtenus, \u00e0 : a) \u00e9tablir des strat\u00e9gies sectorielles, telles que la strat\u00e9gie nationale pour le d\u00e9veloppement de la p\u00eache et de l\u2019aquaculture ou le projet de strat\u00e9gie nationale de lutte et de r\u00e9pression de la corruption ; b) renforcer les capacit\u00e9s institutionnelles de l\u2019Alg\u00e9rie (des moyens ont ainsi \u00e9t\u00e9 donn\u00e9s aux wilayas d\u2019Adrar et de M\u00e9d\u00e9a pour leur permettre de soutenir l\u2019emploi des jeunes et, dans le cadre du programme CapDeL, consacr\u00e9 \u00e0 la d\u00e9mocratie participative et au d\u00e9veloppement local, sept municipalit\u00e9s ont \u00e9tabli des plans communaux de d\u00e9veloppement) ; c) de faire progresser l\u2019\u00e9galit\u00e9 des genres (par exemple, plus de 800 \u00e9lues locales ont \u00e9t\u00e9 form\u00e9es, dans 12 wilayas diff\u00e9rentes). 9. Pour r\u00e9pondre aux priorit\u00e9s nationales concernant le renforcement de la participation des citoyennes et citoyens \u00e0 la vie sociale, \u00e9conomique et politique du pays, le PNUD collaborera avec les minist\u00e8res d\u2019ex\u00e9cution concern\u00e9s afin de mettre le plan en place des socio\u00e9conomique, la local responsabilit\u00e9 des institutions publiques, \u00e9l\u00e9ments essentiels pour permettre d \u2019adapter les objectifs de d\u00e9veloppement durable aux sp\u00e9cificit\u00e9s locales et de tendre vers une soci\u00e9t\u00e9 pacifique et inclusive. initiatives visant \u00e0 consolider la participation sur le d\u00e9veloppement transparence et inclusif et la 10. Pour tous les aspects du programme, en collaboration avec l\u2019\u00e9quipe de pays des Nations Unies, le PNUD appuiera les efforts d\u00e9ploy\u00e9s par le Gouvernement pour am\u00e9liorer la coop\u00e9ration internationale gr\u00e2ce \u00e0 la mise en commun des bonnes pratiques et des enseignements tir\u00e9s de l\u2019exp\u00e9rience, dans le cadre de la coop\u00e9ration Sud-Sud et de la coop\u00e9ration triangulaire. Un accord sign\u00e9 avec l\u2019Agence alg\u00e9rienne de coop\u00e9ration internationale pour la solidarit\u00e9 et le d\u00e9veloppement d\u00e9finira les mesures \u00e0 prendre \u00e0 cet \u00e9gard. Pour soutenir cette d\u00e9marche, le PNUD mettra ses comp\u00e9tences techniques \u00e0 la disposition du pays et renforcera les capacit\u00e9s techniques ayant trait \u00e0 la diplomatie \u00e9conomique, au d\u00e9veloppement \u00e9conomique r\u00e9gional, \u00e0 la migration circulaire et \u00e0 la promotion d\u2019une paix et d\u2019une s\u00e9curit\u00e9 durables. 11. Dans le cadre de son appui int\u00e9gr\u00e9 \u00e0 la mise en \u0153uvre du Plan -cadre de coop\u00e9ration des Nations Unies pour le d\u00e9veloppement durable, le PNUD mettra son expertise au service des partenaires nationaux et de l\u2019\u00e9quipe de pays des Nations Unies, afin de faire avancer les politiques intersectorielles et de promouvoir l\u2019\u00e9laboration de programmes \u00e0 partir de donn\u00e9es factuelles, l\u2019analyse de donn\u00e9es et la mise en place de services ax\u00e9s sur la demande. Conform\u00e9ment au Plan strat\u00e9gique pour 2022-2025, il contribuera \u00e0 encourager le changement au moyen de trois catalyseurs : a) le financement du d\u00e9veloppement, pour lequel il mobilisera des financements globaux en faveur de la r\u00e9alisation des objectifs de d\u00e9veloppement durable ; b) la transition num\u00e9rique, pour laquelle il fournira une impulsion en mati\u00e8re d\u2019id\u00e9es et d\u2019innovations techniques afin d\u2019aider l\u2019Alg\u00e9rie \u00e0 b\u00e2tir une soci\u00e9t\u00e9 et une \u00e9conomie num\u00e9riques qui soient inclusives, \u00e9thiques et durables ; c) l\u2019innovation strat\u00e9gique, pour laquelle il investira syst\u00e9matiquement dans les connaissances de pointe afin d\u2019en faire des tremplins vers des changements syst\u00e9miques. II. Priorit\u00e9s du programme et partenariats 12. Le programme de pays a \u00e9t\u00e9 \u00e9tabli \u00e0 partir des contributions faites par les institutions gouvernementales, la soci\u00e9t\u00e9 civile, le monde universitaire, le secteur priv\u00e9 et d\u2019autres partenaires bilat\u00e9raux et multilat\u00e9raux. Le PNUD mettra \u00e0 profit les partenariats des Nations Unies, notamment, pour cr\u00e9er des effets de synergie entre les diff\u00e9rents programmes et secteurs, afin de mobiliser l\u2019expertise et les connaissances n\u00e9cessaires pour faire avancer la r\u00e9alisation du Programme de d\u00e9veloppement durable 4/19 22-27872 DP/DCP/DZA/4 \u00e0 l\u2019horizon 2030. Le programme du PNUD est conforme aux priorit\u00e9s du Plan strat\u00e9gique, align\u00e9 sur le Plan d\u2019action du Gouvernement pour 2021-2024 et enracin\u00e9 dans la th\u00e9orie du changement pr\u00e9sent\u00e9e dans le Plan -cadre de coop\u00e9ration des Nations Unies pour le d\u00e9veloppement durable 11. 13. Le PNUD facilitera la mise en \u0153uvre de solutions de d\u00e9veloppement int\u00e9gr\u00e9es qui s\u2019articuleront autour de trois des grands axes du Plan-cadre de coop\u00e9ration pour 2023-2027, \u00e0 savoir : a) l\u2019environnement, le climat et l\u2019\u00e9nergie ; b) la croissance \u00e9conomique inclusive ; c) la gouvernance d\u00e9mocratique. En outre, il aidera le Gouvernement \u00e0 tenir ses engagements en faveur de la coop\u00e9ration internationale, en renfor\u00e7ant les capacit\u00e9s \u00e0 l\u2019appui d\u2019une coop\u00e9ration Sud-Sud et d\u2019une coop\u00e9ration triangulaire plus fortes, conform\u00e9ment au Plan-cadre de coop\u00e9ration et en mettant l\u2019accent sur le continent africain. 14. Le PNUD continuera de mener ses activit\u00e9s de programme en concourant \u00e0 l\u2019\u00e9tablissement et \u00e0 l\u2019application de politiques publiques, \u00e0 la d\u00e9finition et \u00e0 la g\u00e9n\u00e9ralisation des bonnes pratiques, au renforcement des capacit\u00e9s nationales et \u00e0 la conduite et \u00e0 l\u2019ex\u00e9cution de projets innovants. La programmation conjointe du PNUD contribue de fa\u00e7on importante \u00e0 la r\u00e9alisation des produits \u00e9tablis dans le Plan -cadre de coop\u00e9ration. Les effets de synergie et les \u00e9conomies d\u2019\u00e9chelle se r\u00e9percutent sur tous les domaines d\u2019action. 15. Gr\u00e2ce \u00e0 sa programmation, le PNUD influera sur la cr\u00e9ation d \u2019emplois et la formation de revenus dans une \u00e9conomie diversifi\u00e9e, renforcera la transparence et l\u2019application du principe de responsabilit\u00e9 afin de garantir la mise \u00e0 disposition de services publics de qualit\u00e9 et contribuera \u00e0 la concr\u00e9tisation des engagem ents pris au niveau national et mondial en faveur de la pr\u00e9vention et de l\u2019att\u00e9nuation des effets des changements climatiques. L\u2019action men\u00e9e dans le domaine de la gouvernance d\u00e9mocratique et de l\u2019\u00e9tat de droit sera \u00e9largie en vue de renforcer le contrat social, conform\u00e9ment \u00e0 la Constitution de l\u2019Alg\u00e9rie et aux cadres normatifs internationaux, et ainsi de veiller \u00e0 ce que personne ne soit laiss\u00e9 de c\u00f4t\u00e9. R\u00e9alisation 1. Nature, climat et \u00e9nergie 16. La contribution du PNUD \u00e0 cette r\u00e9alisation repose sur l\u2019hypoth\u00e8se de la th\u00e9orie du changement selon laquelle renforcer les capacit\u00e9s institutionnelles en mati\u00e8re de pr\u00e9servation de l\u2019environnement, acc\u00e9l\u00e9rer la mise en \u0153uvre de strat\u00e9gies et de plans d\u2019action en faveur d\u2019une gestion et d\u2019une conservation durables des ressources naturelles et des \u00e9cosyst\u00e8mes, et consolider l\u2019application des politiques de transition \u00e9nerg\u00e9tique ainsi que les politiques et strat\u00e9gies ax\u00e9es sur la pr\u00e9vention des risques majeurs et l\u2019att\u00e9nuation de leurs r\u00e9percussions financi\u00e8res permettra de rendre la soci\u00e9t\u00e9 et la population plus r\u00e9silientes et mieux pr\u00e9par\u00e9es \u00e0 faire face aux risques li\u00e9s aux changements climatiques. Cette r\u00e9alisation contribuera aux objectifs de d\u00e9veloppement durable n os 5 \u00e0 7, 12 \u00e0 15 et 17, en employant les solutions types du PNUD nos 2, 3, 4 et 512. 17. Par l\u2019interm\u00e9diaire de quatre produits, ce pilier s\u2019emploiera \u00e0 mettre en \u0153uvre des solutions touchant \u00e0 la conservation des ressources naturelles et des \u00e9cosyst\u00e8mes et \u00e0 la d\u00e9gradation des terres, aux changements climatiques, \u00e0 la transition \u00e9nerg\u00e9tique, et aux engagements pris aux niveaux national, r\u00e9gional et mondial . Cet objectif sera poursuivi en collaboration avec le Gouvernement, l\u2019\u00e9quipe de pays des Nations Unies et les principaux partenaires de d\u00e9veloppement, et les r\u00e9sultats seront __________________ 11 Voir partie 2.2 (p. 18 \u00e0 20) du Plan-cadre de coop\u00e9ration. 12 Le plan strat\u00e9gique du PNUD pour 2022-2025 pr\u00e9voit six solutions types : 1. Pauvret\u00e9 et in\u00e9galit\u00e9s ; 2. Gouvernance ; 3. R\u00e9silience ; 4. Environnement ; 5. \u00c9nergie ; 6. \u00c9galit\u00e9 des genres. 22-27872 5/19 DP/DCP/DZA/4 mesur\u00e9s par rapport aux engagements nationaux et aux cibles et indicateurs relatifs aux objectifs de d\u00e9veloppement durable disponibles. 18. Le Plan national de l\u2019Alg\u00e9rie pour le climat contient une s\u00e9rie d\u2019objectifs \u00e0 atteindre en mati\u00e8re d\u2019att\u00e9nuation des effets des changements climatiques et d\u2019adaptation et vise \u00e0 favoriser une croissance socio\u00e9conomique soutenue et un d\u00e9veloppement social inclusif, ainsi qu\u2019\u00e0 promouvoir l\u2019int\u00e9gration de strat\u00e9gies d\u2019adaptation dans les secteurs \u00e9conomiques consid\u00e9r\u00e9s comme vuln\u00e9rables face aux changements climatiques. En partenariat avec le Minist\u00e8re de l \u2019environnement et en l\u2019alimentation et l\u2019Organisation des Nations Unies pour coop\u00e9ration avec l\u2019agriculture (FAO) et le Fonds pour l\u2019environnement mondial (FEM), le PNUD appuiera les programmes nationaux destin\u00e9s \u00e0 rem\u00e9dier aux vuln\u00e9rabilit\u00e9s relatives aux changements climatiques et \u00e0 \u00e9laborer des solutions pour la mise en \u0153uvre du Plan national pour le climat. Il continuera d\u2019aider le Minist\u00e8re de l\u2019environnement \u00e0 \u00e9tablir sa troisi\u00e8me communication nationale, son premier rapport biennal actualis\u00e9 sur les changements climatiques et son plan national d\u2019adaptation. En collaboration avec le secr\u00e9tariat de la Convention des Nations Unies sur la lutte contre la d\u00e9sertification et avec la FAO, il contribuera \u00e0 pr\u00e9venir la d\u00e9gradation des terres et la d\u00e9sertification en fournissant un appui technique et op\u00e9rationnel en mati\u00e8re de protection de la biodiversit\u00e9. 19. Le PNUD encouragera les strat\u00e9gies (y compris les strat\u00e9gies de financement) visant \u00e0 inciter les secteurs public et priv\u00e9 \u00e0 r\u00e9aliser des investissements en faveur de l\u2019innovation pour promouvoir des solutions sociales et \u00e9conomiques qui prot\u00e8gent la biodiversit\u00e9 et l\u2019environnement. L\u2019appui au plan national d\u2019adaptation se rapporte explicitement \u00e0 la croissance et \u00e0 la diversification de l\u2019\u00e9conomie, lesquelles en retour b\u00e9n\u00e9ficieront des politiques de financement de l\u2019action climatique. \u00c0 cet \u00e9gard, le travail qu\u2019il est pr\u00e9vu d\u2019effectuer avec le Minist\u00e8re de l\u2019environnement et le FEM sur la gestion int\u00e9gr\u00e9e des d\u00e9chets contribuera au d\u00e9veloppement d \u2019une \u00e9conomie circulaire, ce qui encouragera la cr\u00e9ation d\u2019emplois d\u2019un bout \u00e0 l\u2019autre de nouvelles cha\u00eenes de valorisation vertes. 20. En tant que chef de file des organisations r\u00e9sidentes travaillant sur la transition \u00e9nerg\u00e9tique, le PNUD apportera un appui technique au Gouvernement en vue d \u2019aider celui-ci \u00e0 \u00e9laborer un nouveau mod\u00e8le \u00e9nerg\u00e9tique et \u00e0 mettre au point un nouveau cadre r\u00e9glementaire en mati\u00e8re de transition \u00e9nerg\u00e9tique. Il m\u00e8nera ces activit\u00e9s en partenariat avec l\u2019Agence internationale pour les \u00e9nergies renouvelables, entre autres. Il s\u2019attachera \u00e0 cr\u00e9er des effets de synergie avec un mod\u00e8le de croissance \u00e9conomique inclusive, notamment pour ce qui est de cr\u00e9er des emplois et d\u2019encourager l\u2019entrepreneuriat. 21. La pr\u00e9vention et l\u2019att\u00e9nuation des risques naturels majeurs constitueront une autre priorit\u00e9 du PNUD. Dans le cadre du programme tripartite annonc\u00e9 lors du Sommet sur l\u2019action climatique tenu par le Secr\u00e9taire g\u00e9n\u00e9ral en septembre 2019, le PNUD collaborera avec la Direction g\u00e9n\u00e9rale des for\u00eats du Minist\u00e8re de l \u2019agriculture et avec le secteur des assurances au sujet du financement de la lutte contre les risques climatiques et de l\u2019assurance inclusive, afin de renforcer la r\u00e9silience institutionnelle et socio\u00e9conomique face aux risques climatiques et autres risques naturels. La D\u00e9l\u00e9gation nationale aux risques majeurs assure notamment le suivi de ces risques et repr\u00e9sente un autre partenaire cl\u00e9 pour la mise en \u0153uvre de r\u00e9formes dans ce domaine. R\u00e9alisation 2. Croissance \u00e9conomique inclusive 22. La contribution du PNUD \u00e0 cette r\u00e9alisation repose sur l\u2019hypoth\u00e8se de la th\u00e9orie du changement selon laquelle si les institutions nationales sont mieux \u00e0 m\u00eame d\u2019anticiper les besoins du march\u00e9 du travail en mati\u00e8re de comp\u00e9tences et d \u2019y r\u00e9pondre, si les entreprises disposent de davantage de moyens pour cr\u00e9er et int\u00e9grer 6/19 22-27872 DP/DCP/DZA/4 des cha\u00eenes de valorisation agroalimentaires durables, et si la population b\u00e9n\u00e9ficie de m\u00e9canismes de soutien et d\u2019incitation encourageant leur participation \u00e0 une \u00e9conomie verte, circulaire, innovante et cr\u00e9ative, alors des avanc\u00e9es seront faites sur la voie d\u2019une \u00e9conomie diversifi\u00e9e proposant des emplois d\u00e9cents et inclusifs dans le respect de l\u2019environnement. La r\u00e9alisation contribuera aux objectifs de d\u00e9veloppement durable nos 1, 2, 4, 5, 7, 8, 10 et 12, en s\u2019appuyant sur les solutions types n os 1, 3, 4 et 5. 23. S\u2019inscrivant dans le prolongement du Plan de relance \u00e9conomique de l\u2019Alg\u00e9rie13, ce pilier favorisera la mise en \u0153uvre d\u2019un d\u00e9veloppement \u00e9conomique plus r\u00e9silient, inclusif et solidaire au niveau national. Le PNUD appuiera la diversification \u00e9conomique, la cr\u00e9ation d\u2019emplois durables et la mise en place d\u2019un \u00e9cosyst\u00e8me entrepreneurial efficace. Pour y parvenir, en collaboration avec le Minist\u00e8re du travail, de l\u2019emploi et de la s\u00e9curit\u00e9 sociale et en synergie avec l\u2019Organisation internationale du travail (OIT), le PNUD s\u2019emploiera \u00e0 consolider et \u00e0 amplifier ce qui a d\u00e9j\u00e0 \u00e9t\u00e9 fait pour promouvoir l\u2019\u00e9conomie sociale et solidaire, en s\u2019attachant particuli\u00e8rement \u00e0 accro\u00eetre les possibilit\u00e9s d\u2019emploi pour les jeunes, les femmes et les personnes en situation de handicap gr\u00e2ce \u00e0 des mod\u00e8les \u00e9conomiques ax\u00e9s sur la solidarit\u00e9 sociale. 24. En recherchant des effets de synergie au niveau de l\u2019ensemble de son portefeuille, le PNUD contribuera \u00e0 instaurer une \u00e9conomie circulaire inclusive en poussant plus loin sur sa lanc\u00e9e son projet de gestion des d\u00e9chets, actuellement en pr\u00e9paration, et en cr\u00e9ant des mesures d\u2019incitation ax\u00e9es sur le d\u00e9veloppement des comp\u00e9tences, des qualifications et des capacit\u00e9s n\u00e9cessaires \u00e0 la transition \u00e9nerg\u00e9tique, destin\u00e9es aux microentreprises et petites et moy ennes entreprises. En partenariat avec le Minist\u00e8re de l\u2019\u00e9conomie de la connaissance, des start-ups et des microentreprises, il s\u2019attachera \u00e0 renforcer les capacit\u00e9s institutionnelles afin de d\u00e9velopper davantage l\u2019\u00e9cosyst\u00e8me de l\u2019entrepreneuriat gr\u00e2ce \u00e0 l\u2019innovation. Il s\u2019appuiera aussi sur les travaux lanc\u00e9s dans le cadre de la riposte face \u00e0 la COVID-19 pour soutenir les efforts visant \u00e0 renforcer les capacit\u00e9s du Minist\u00e8re de l \u2019industrie pharmaceutique en mati\u00e8re de tests de m\u00e9dicaments, condition pr\u00e9alable \u00e0 toute expansion des cha\u00eenes de valorisation pharmaceutique nationales. 25. L\u2019\u00e9laboration d\u2019un plan d\u2019action gouvernemental pour l\u2019amplification des investissements en faveur des objectifs de d\u00e9veloppement durable constitue une autre des priorit\u00e9s du PNUD. Le Programme pilotera donc les efforts faits en ce sens, en partenariat avec d\u2019autres organismes des Nations Unies. Cela permettra au Gouvernement et aux institutions nationales de recenser, d\u2019optimiser et de r\u00e9orienter les politiques publiques existantes et de catalyser des investissements strat\u00e9giques adapt\u00e9s \u00e0 la situation du pays. En collaboration avec le Minist\u00e8re des finances et en partenariat avec la CNUCED, le PNUD appuiera l\u2019action men\u00e9e en mati\u00e8re de financement de la r\u00e9alisation des objectifs de d\u00e9veloppement durable, gr\u00e2ce \u00e0 la mise en place du cadre de financement national int\u00e9gr\u00e9 et d\u2019une solution permettant de concevoir, de suivre et d\u2019examiner la strat\u00e9gie de financement du Gouvernement, de fa\u00e7on \u00e0 pouvoir r\u00e9pondre aux priorit\u00e9s nationales li\u00e9es aux objectifs. Cette approche sera compl\u00e9ment\u00e9e par un programme d\u2019ensemble sur la transparence budg\u00e9taire, qui devrait notamment donner naissance \u00e0 des outils ax\u00e9s sur la prise en compte des questions sociales et des questions de genre dans le proc essus budg\u00e9taire. De m\u00eame, gr\u00e2ce \u00e0 son Initiative pour le financement de la diversit\u00e9 biologique, le PNUD aidera le Gouvernement alg\u00e9rien \u00e0 catalyser des investissements compatibles \u00e0 la fois avec la biodiversit\u00e9 et la pr\u00e9servation de la nature et avec l\u2019imp\u00e9ratif d\u2019une croissance \u00e9conomique inclusive. __________________ 13 Plan de relance \u00e9conomique, Services du Premier Ministre, juin 2021. 22-27872 7/19 DP/DCP/DZA/4 la croissance \u00e9conomique, 26. Pour alimenter le Gouvernement s\u2019emploie principalement \u00e0 d\u00e9velopper des cha\u00eenes de valorisation durables et inclusives dans des secteurs prometteurs en renfor\u00e7ant les capacit\u00e9s du secteur priv\u00e9. L\u2019agriculture et la p\u00eache sont deux secteurs d\u2019une importance capitale compte tenu des difficult\u00e9s qui se posent au niveau mondial en mati\u00e8re de s\u00e9curit\u00e9 alimentaire. En collaboration avec les partenaires des Nations Unies et les minist\u00e8res comp\u00e9tents, le PNUD appuiera l\u2019action men\u00e9e au niveau national pour promouvoir la strat\u00e9gie nationale sur les microentreprises et petites et moyennes entreprises. Il s \u2019attachera \u00e9galement \u00e0 favoriser l\u2019inclusion financi\u00e8re et \u00e0 am\u00e9liorer l\u2019acc\u00e8s des microentreprises et petites et moyennes entreprises au financement par l\u2019interm\u00e9diaire de solutions num\u00e9riques, en collaboration avec le Fonds d\u2019\u00e9quipement des Nations Unies et la Soci\u00e9t\u00e9 financi\u00e8re internationale. R\u00e9alisation 3. Gouvernance d\u00e9mocratique 27. La contribution du PNUD \u00e0 cette r\u00e9alisation repose sur l\u2019hypoth\u00e8se de la th\u00e9orie du changement selon laquelle renforcer le cadre institutionnel pour la transparence et l\u2019application du principe de responsabilit\u00e9, consolider les m\u00e9canismes ax\u00e9s sur la coh\u00e9sion sociale et la participation effective des femmes et des jeunes, am\u00e9liorer l\u2019efficacit\u00e9 de l\u2019administration et l\u2019acc\u00e8s \u00e0 des services publics de qualit\u00e9 et renforcer l\u2019acc\u00e8s \u00e0 la justice conform\u00e9ment \u00e0 l\u2019\u00e9tat de droit permettra de donner les moyens aux institutions alg\u00e9riennes de fournir des services de qualit\u00e9, de lutter contre les in\u00e9galit\u00e9s et de veiller \u00e0 ce que personne ne soit laiss\u00e9 de c\u00f4t\u00e9. La r\u00e9alisation contribuera aux objectifs de d\u00e9veloppement durable n os 1, 3, 5, 10 et 16, en s\u2019appuyant sur les solutions types n os 1, 2, 3 et 6. 28. Fort de son r\u00f4le de chef de file en mati\u00e8re d\u2019id\u00e9es relatives \u00e0 la gouvernance d\u00e9mocratique et \u00e0 l\u2019\u00e9tat de droit, le PNUD appuiera les efforts d\u00e9ploy\u00e9s au niveau national pour faire appliquer la Constitution de mani\u00e8re effective. La Cour constitutionnelle et le PNUD promouvront ensemble l\u2019expansion de l\u2019espace civique et le renforcement de la participation des citoyennes et citoyens aux processus juridiques, institutionnels et politiques. Le bureau de pays collaborer a avec le Centre d\u2019Oslo pour la gouvernance, qui rel\u00e8ve du PNUD, et le D\u00e9partement des affaires politiques et de la consolidation de la paix de l\u2019ONU en vue d\u2019am\u00e9liorer l\u2019acc\u00e8s \u00e0 la justice en d\u00e9fendant les droits constitutionnels. 29. La lutte contre la corruption, le renforcement de la transparence et de l\u2019application du principe de responsabilit\u00e9 dans le secteur public et la promotion de la coh\u00e9sion sociale font partie des priorit\u00e9s, conform\u00e9ment \u00e0 la nouvelle Constitution adopt\u00e9e par le pays en 2020. L\u2019action de ce pilier s\u2019appuiera sur les enseignements tir\u00e9s du pr\u00e9c\u00e9dent cycle programmatique et en \u00e9largira encore l\u2019approche pour inclure une participation plus active de la soci\u00e9t\u00e9 civile ainsi que des m\u00e9canismes d\u2019application du principe de responsabilit\u00e9 solides, et promouvoir la participation sociale, \u00e9conomique et politique des jeunes et des femmes. Le PNUD travaillera avec le parlement et ses membres pour aider ceux-ci \u00e0 exercer efficacement leurs fonctions de l\u00e9gislation, de repr\u00e9sentation et de contr\u00f4le, tout en soutenant les initiatives visant \u00e0 accro\u00eetre la participation des femmes \u00e0 la vie politique 14. Avec l\u2019Office des Nations Unies contre la drogue et le crime, le PNUD aidera aussi l\u2019Alg\u00e9rie \u00e0 achever et \u00e0 mettre en \u0153uvre sa strat\u00e9gie nationale de promotion de l\u2019int\u00e9grit\u00e9 et de la lutte contre la corruption, tout en encourageant les efforts faits au niveau sectoriel pour recenser et \u00e9liminer les risques de corruption qui compromettent la capacit\u00e9 du secteur concern\u00e9 de faire avancer la r\u00e9alisation des objectifs de d\u00e9veloppement durable. __________________ 14 La nouvelle loi \u00e9lectorale a eu des r\u00e9percussions sur le syst\u00e8me des quotas, ce qui a abouti \u00e0 un recul, avec seulement 35 femmes \u00e9lues au parlement (8,59 % des si\u00e8ges) contre 119 dans le corps l\u00e9gislatif pr\u00e9c\u00e9dent. 8/19 22-27872 DP/DCP/DZA/4 30. Afin de ne laisser personne de c\u00f4t\u00e9, le PNUD s\u2019associera au Minist\u00e8re de la jeunesse et des sports et au Fonds des Nations Unies pour la population en vue de soutenir l\u2019\u00e9laboration et l\u2019application de politiques publiques favorisant l\u2019inclusion et la participation active des jeunes dans toutes les sph\u00e8res sociales, \u00e9conomiques et politiques. En partenariat avec le Minist\u00e8re de la justice, il approfondira ses travaux sur la promotion de l\u2019\u00e9tat de droit en faisant en sorte de permettre une meilleure r\u00e9insertion sociale des anciens d\u00e9tenus, encourageant ainsi la coh\u00e9sion sociale et renfor\u00e7ant la confiance entre la population et l\u2019\u00c9tat. le d\u00e9veloppement 31. Pour r\u00e9pondre aux priorit\u00e9s nationales ax\u00e9es sur le renforcement de la participation des citoyennes et citoyens \u00e0 la vie sociale, \u00e9conomique et politique du pays, le PNUD collaborera avec le Minist\u00e8re de l\u2019int\u00e9rieur, des collectivit\u00e9s locales et de l\u2019am\u00e9nagement du territoire dans l\u2019objectif de renforcer la participation la local socio\u00e9conomique, responsabilit\u00e9 des institutions publiques, conditions essentielles pour l \u2019instauration d\u2019une soci\u00e9t\u00e9 pacifique et inclusive. Il prendra comme point de d\u00e9part ses r\u00e9alisations ant\u00e9rieures, notamment les plans de d\u00e9veloppement communaux, et tirera parti des compl\u00e9mentarit\u00e9s avec ses partenaires de d\u00e9veloppement pour promouvoir la r\u00e9alisation des objectifs de d\u00e9veloppement durable au niveau local et y contribuer. En outre, l\u2019acc\u00e8s aux services sociaux, notamment dans le domaine de la sant\u00e9, sera am\u00e9lior\u00e9 gr\u00e2ce au renforcement des capacit\u00e9s nationales en la mati\u00e8re, y compris gr\u00e2ce \u00e0 la mobilisation de la soci\u00e9t\u00e9 civile. transparence et inclusif et la III. Administration du programme et gestion des risques 32. Le pr\u00e9sent descriptif de programme de pays donne un aper\u00e7u de la contribution du PNUD aux r\u00e9sultats nationaux et constitue le principal moyen de rendre compte au Conseil d\u2019administration de la mesure dans laquelle les r\u00e9sultats correspondent aux objectifs fix\u00e9s et de l\u2019utilisation des ressources allou\u00e9es au programme. Pour chaque niveau (pays, r\u00e9gion et si\u00e8ge), les responsabilit\u00e9s aff\u00e9rentes au programme de pays sont \u00e9nonc\u00e9es dans les politiques et proc\u00e9dures r\u00e9gissant les programmes et op\u00e9rations du PNUD, ainsi que dans le dispositif de contr\u00f4le interne. 33. Le programme sera ex\u00e9cut\u00e9 sur le plan national. Si n\u00e9cessaire, l\u2019ex\u00e9cution nationale peut \u00eatre remplac\u00e9e par l\u2019ex\u00e9cution directe pour tout ou partie du programme en cas de force majeure. La politique harmonis\u00e9e concer nant les transferts de fonds sera appliqu\u00e9e en coordination avec les autres entit\u00e9s des Nations Unies de fa\u00e7on \u00e0 g\u00e9rer les risques financiers. Les d\u00e9finitions et les classifications des co\u00fbts aff\u00e9rents aux activit\u00e9s de programme et aux activit\u00e9s visant l \u2019efficacit\u00e9 du d\u00e9veloppement seront appliqu\u00e9es aux diff\u00e9rents projets concern\u00e9s. 34. Les donateurs bilat\u00e9raux et multilat\u00e9raux allouent des fonds limit\u00e9s \u00e0 l \u2019Alg\u00e9rie en raison de son statut de pays \u00e0 revenu interm\u00e9diaire. Le PNUD collaborera avec le Gouvernement et d\u2019autres partenaires pour s\u2019adapter aux incertitudes et perturbations li\u00e9es aux questions de financement. La possibilit\u00e9 de recourir \u00e0 des instruments de programmation novateurs, tels que le m\u00e9canisme de mobilisation, le partage des co\u00fbts avec le Gouvernement, les services consultatifs en mati\u00e8re de d\u00e9veloppement et les instruments de programmation conjointe, sera envisag\u00e9e en concertation avec le Gouvernement. 35. \u00c0 l\u2019aide d\u2019analyses de donn\u00e9es, d\u2019\u00e9valuations \u00e0 mi-parcours et d\u2019autres outils de gestion et de suivi, le PNUD coop\u00e9rera avec le Gouvernement au sujet du principe de responsabilit\u00e9 partag\u00e9e afin d\u2019anticiper et d\u2019att\u00e9nuer les risques susceptibles d\u2019entraver la bonne ex\u00e9cution du programme de pays. La tenue de r\u00e9unions annuelles du comit\u00e9 directeur du projet et, si n\u00e9cessaire, de r\u00e9unions sp\u00e9ciales garantira que toutes les questions soulev\u00e9es seront trait\u00e9es \u00e0 temps et de fa\u00e7on efficace. 22-27872 9/19 DP/DCP/DZA/4 36. Une assurance de la qualit\u00e9 et des mesures de protection sociales et environnementales seront mises en place pour \u00e9viter toute incidence n\u00e9gative sur le plan social et ma\u00eetriser l\u2019empreinte \u00e9cologique du programme. Des m\u00e9canismes de r\u00e9clamation seront cr\u00e9\u00e9s \u00e0 cette fin. Le PNUD a tenu compte de la question de l\u2019\u00e9galit\u00e9 des genres et de l\u2019autonomisation des femmes dans sa programmation et accord\u00e9 une attention particuli\u00e8re aux besoins des jeunes et des femmes vivant dans des zones rurales dans les lieux qui accusent un retard en mati\u00e8re de d\u00e9veloppement, l\u2019objectif \u00e9tant de promouvoir un d\u00e9veloppement inclusif qui ne la isse personne de c\u00f4t\u00e9. 37. Comme cela a \u00e9t\u00e9 recommand\u00e9 dans l\u2019\u00e9valuation de programme pr\u00e9c\u00e9dente, le PNUD renforcera ses capacit\u00e9s programmatiques et op\u00e9rationnelles et celles de ses partenaires, afin d\u2019appuyer efficacement la mise en \u0153uvre du nouveau programme de pays. La planification des interventions d\u2019urgence relatives au programme aidera le PNUD \u00e0 faire face avec efficacit\u00e9 \u00e0 tout incident, \u00e9v\u00e9nement ou situation notable, comme la pand\u00e9mie de COVID-19, les risques de catastrophe, etc. IV. Contr\u00f4le de l\u2019ex\u00e9cution et \u00e9valuation du programme 38. Le programme s\u2019alignera sur les exigences de suivi et d\u2019\u00e9valuation institutionnels du PNUD, notamment les normes du Groupe des Nations Unies pour l\u2019\u00e9valuation, et mobilisera, le cas \u00e9ch\u00e9ant, des comp\u00e9tences sp\u00e9cialement adapt\u00e9es. 39. En tant que membre du syst\u00e8me des Nations Unies, le PNUD contribuera au suivi du programme de pays et du Plan-cadre de coop\u00e9ration des Nations Unies pour le d\u00e9veloppement durable en vue de la r\u00e9alisation des objectifs de d\u00e9veloppement durable. Sur la base de l\u2019\u00e9valuation du programme de pays pr\u00e9c\u00e9dent, il \u00e9tablira un solide syst\u00e8me de gestion ax\u00e9e sur les r\u00e9sultats, \u00e9tay\u00e9 par un cadre de suivi et d\u2019\u00e9valuation interne. Les indicateurs et les cibles seront optimis\u00e9s et align\u00e9s sur la norme SMART (sp\u00e9cifique, mesurable, r\u00e9alisable, pertinent et limit\u00e9 dans le temps) afin de permettre de mesurer \u00e0 la fois les effets et les progr\u00e8s constat\u00e9s au regard des r\u00e9alisations et des produits. Le suivi du programme alimentera la prise de d\u00e9cisions, ce qui permettra de corriger le tir si n\u00e9cessaire et de tenir compte des retours d\u2019exp\u00e9rience. Les efforts visant \u00e0 renforcer les syst\u00e8mes de donn\u00e9es nationaux seront soutenus, s\u2019il y a lieu, et le PNUD sera charg\u00e9 de r\u00e9pondre \u00e0 toute demande permettant de mieux mesurer les progr\u00e8s faits au regard des objectifs \u00e9nonc\u00e9s dans le Programme 2030. 40. Des \u00e9valuations th\u00e9matiques ind\u00e9pendantes viendront \u00e9clairer la conception et l\u2019ex\u00e9cution du programme de pays et permettront de recenser les perspectives de synergie dans le programme ainsi que de promouvoir l\u2019apprentissage conjoint et l\u2019innovation. 41. Une analyse des questions de genre sera men\u00e9e dans le cadre d \u2019une approche globale du programme et b\u00e9n\u00e9ficiera notamment d\u2019une allocation budg\u00e9taire de 15 %. Le marqueur genre sera utilis\u00e9 pour le suivi d\u2019interventions cibl\u00e9es et globales. 42. Un plan de gestion des connaissances comprenant des notes d\u2019orientation, des documents th\u00e9matiques et des rapports p\u00e9riodiques accompagnera la mise en \u0153uvre du programme. Il permettra d\u2019alimenter la m\u00e9moire institutionnelle, d\u2019encourager une culture du partage et de renforcer les activit\u00e9s internes et externes de communication et de sensibilisation. 10/19 22-27872 Annexe 2 2 - 2 7 8 7 2 Cadre de r\u00e9sultats et d\u2019allocation de ressources pour l\u2019Alg\u00e9rie (2023-2027) Priorit\u00e9 ou objectif du pays : Objectifs de d\u00e9veloppement durable n os 5, 6, 7, 12, 13, 14, 15 et 17 R\u00e9alisation 4 \u00e9nonc\u00e9e dans le Plan-cadre de coop\u00e9ration (ou \u00e9quivalent) faisant intervenir le PNUD : La population b\u00e9n\u00e9ficie de la mise en \u0153uvre des politiques adopt\u00e9es par le gouvernement alg\u00e9rien en cons\u00e9cration du droit constitutionnel \u00e0 un environnement sain et en lien avec ses objectifs d e transition \u00e9nerg\u00e9tique, ainsi qu\u2019en conformit\u00e9 avec les trait\u00e9s environnementaux multilat\u00e9raux portant, entre autres, sur la lutte contre les changements climatiques, la pr\u00e9servation de la diversit\u00e9 b iologique, la gestion des risques majeurs, la lutte contre la d\u00e9sertification et la d\u00e9gradation des terres. R\u00e9alisation correspondante du plan strat\u00e9gique : 3 (Renforcer la r\u00e9silience) Montant indicatif des ressources, par r\u00e9alisation (dollars des \u00c9tats-Unis) Ressources ordinaires : 776 000 dollars Autres ressources : 9 050 000 dollars Indicateurs de r\u00e9alisation, niveaux de r\u00e9f\u00e9rence et niveaux cibles Source des donn\u00e9es, fr\u00e9quence de la collecte et entit\u00e9 responsable Produits indicatifs (indicateurs, niveaux de r\u00e9f\u00e9rence et niveaux cibles) Principaux partenaires ou cadres de partenariat Superficie des \u00e9cosyst\u00e8mes forestiers g\u00e9r\u00e9s durablement (plans de gestion, plans de gestion op\u00e9rationnelle) Niveau de r\u00e9f\u00e9rence : 166 187 ha Niveau cible : 550 000 ha Part d\u2019\u00e9lectricit\u00e9 produite au moyen de sources d\u2019\u00e9nergie renouvelable Niveau de r\u00e9f\u00e9rence : 0,4 % (source : AIE) Niveau cible : 13 % Taux d\u2019\u00e9mission de CO2 Niveau de r\u00e9f\u00e9rence : 151 670 kilotonnes de CO2 (2019) Niveau cible : 4,2 % de moins (sans appui international) ou 13,2 % (avec un appui international) de moins qu\u2019en 2015 (contribution d\u00e9termin\u00e9e au niveau national) D\u00e9veloppement durable des environnements urbains Niveau de r\u00e9f\u00e9rence : nombre de strat\u00e9gies \u00e9labor\u00e9es gr\u00e2ce au Plan- cadre de coop\u00e9ration ; nombre de personnes b\u00e9n\u00e9ficiant d\u2019activit\u00e9s de renforcement des capacit\u00e9s ; d\u00e9veloppement de pratiques agricoles durables 1 1 / 1 9 Archives, rapports, documentation officielle de l\u2019administration foresti\u00e8re Produit 1.1 : Les capacit\u00e9s institutionnelles en mati\u00e8re de pr\u00e9servation de l\u2019environnement et la lutte contre le changement climatique sont renforc\u00e9es. Bilan \u00e9nerg\u00e9tique national ( ie/bilan_energetique_national_ 2019_5f7b107553bcd.pdf) Inventaire national des gaz \u00e0 effet de serre Rapports et examens de la mise en \u0153uvre du Plan-cadre de coop\u00e9ration pour 2023-2027 ; comptes-rendus de la structure de pilotage Rapports et examens de la mise en \u0153uvre du Plan-cadre de coop\u00e9ration pour 2023-2027 ; comptes rendus de la structure de pilotage Indicateur 1.1.a : Nombre d\u2019institutions publiques et priv\u00e9es dont les capacit\u00e9s ont \u00e9t\u00e9 renforc\u00e9es Niveau de r\u00e9f\u00e9rence (2023) : 3 Niveau cible (2027) : au moins 35 Source des donn\u00e9es, fr\u00e9quence de la collecte : rapports du PNUD-Alg\u00e9rie, documentation officielle Indicateur 1.1.b : Nombre de municipalit\u00e9s disposant d\u2019un outil de gestion des risques climatiques op\u00e9rationnel Niveau de r\u00e9f\u00e9rence (2022) : 1 Niveau cible (2027) : au moins 5 Source des donn\u00e9es, fr\u00e9quence de la collecte : rapports du PNUD-Alg\u00e9rie, documentation officielle Gouvernement : Minist\u00e8re des affaires \u00e9trang\u00e8res, Minist\u00e8res de l\u2019environnement et de l\u2019\u00e9nergie, Minist\u00e8re de l\u2019int\u00e9rieur, y compris de la protection civile, Minist\u00e8re des finances, Minist\u00e8re de l\u2019agriculture, Minist\u00e8re de l\u2019industrie et des ressources en eau, Minist\u00e8re du logement, Minist\u00e8re de la solidarit\u00e9, Minist\u00e8re de l\u2019enseignement sup\u00e9rieur Agence nationale des changements climatiques, Agence nationale des barrages et transferts, Agence nationale pour la promotion et la rationalisation de l\u2019utilisation de l\u2019\u00e9nergie, Agence alg\u00e9rienne de promotion de l\u2019investissement Centre de d\u00e9veloppement des \u00e9nergies renouvelables, Commission de r\u00e9gulation de l\u2019\u00e9lectricit\u00e9 et du gaz, Commissariat aux \u00e9nergies renouvelables et \u00e0 l\u2019efficacit\u00e9 \u00e9nerg\u00e9tique Nations Unies : AIEA, CNUCED, Convention des Nations Unies sur la lutte contre la d\u00e9sertification, FAO / D P D C P D Z A / 4 / / D P D C P D Z A / 4 / Indicateurs de r\u00e9alisation, niveaux de r\u00e9f\u00e9rence et niveaux cibles Source des donn\u00e9es, fr\u00e9quence de la collecte et entit\u00e9 responsable Produits indicatifs (indicateurs, niveaux de r\u00e9f\u00e9rence et niveaux cibles) Principaux partenaires ou cadres de partenariat Montant indicatif des ressources, par r\u00e9alisation (dollars des \u00c9tats-Unis) Niveau de r\u00e9f\u00e9rence : voir niveau de r\u00e9f\u00e9rence ci-dessus Niveau cible : voir niveau cible ci- dessus Soci\u00e9t\u00e9 civile : Institut national de recherche foresti\u00e8re, \u00c9cole nationale sup\u00e9rieure agronomique d\u2019Alger, Institut national de la vulgarisation agricole, Institut national de la protection des v\u00e9g\u00e9taux, Institut technique des grandes cultures, Institut national de recherche agronomique, Bureau national d\u2019\u00e9tude pour le d\u00e9veloppement rural, Association pour la promotion des femmes (par ex. Association pour la promotion des femmes rurales de la wilaya de Skikda) Secteur priv\u00e9 : banques nationales, institutions financi\u00e8res internationales, assurances Donateurs : FEM, Fonds vert pour le climat, gouvernements de l\u2019Allemagne, du Danemark, des \u00c9tats-Unis d\u2019Am\u00e9rique, du Japon, des Pays-Bas Autres : Agence internationale pour les \u00e9nergies renouvelables, Agence allemande de coop\u00e9ration internationale Produit 1.2 : Des strat\u00e9gies et des plans d\u2019action en mati\u00e8re de gestion durable ax\u00e9s sur la conservation des ressources naturelles et des \u00e9cosyst\u00e8mes sont mis en \u0153uvre de mani\u00e8re plus intensive Indicateur 1.2.a : Nombre de strat\u00e9gies nationales dont la mise en \u0153uvre est facilit\u00e9e Niveau de r\u00e9f\u00e9rence (2022) : 2 Niveau cible (2026) : au moins 3 Source des donn\u00e9es, fr\u00e9quence de la collecte : donn\u00e9es issues de projets et du Gouvernement Indicateur 1.1.b : Un m\u00e9canisme destin\u00e9 \u00e0 observer et \u00e0 surveiller les effets des changements climatiques sur la c\u00f4te et l\u2019\u00e9cosyst\u00e8me marin est cr\u00e9\u00e9. Niveau de r\u00e9f\u00e9rence (2022) : non Niveau cible (2027) : oui Produit 1.3 : La strat\u00e9gie nationale pour la transition \u00e9nerg\u00e9tique est soutenue. Indicateur 1.3.a : Un ensemble d\u2019options en faveur d\u2019un nouveau mod\u00e8le \u00e9nerg\u00e9tique est d\u00e9fini et les d\u00e9cisionnaires y ont acc\u00e8s Niveau de r\u00e9f\u00e9rence (2022) : non Niveau cible (2027) : oui Source des donn\u00e9es, fr\u00e9quence de la collecte : rapports du PNUD 1 2 / 1 9 2 2 - 2 7 8 7 2 Indicateurs de r\u00e9alisation, niveaux de r\u00e9f\u00e9rence et niveaux cibles Source des donn\u00e9es, fr\u00e9quence de la collecte et entit\u00e9 responsable Produits indicatifs (indicateurs, niveaux de r\u00e9f\u00e9rence et niveaux cibles) Principaux partenaires ou cadres de partenariat Montant indicatif des ressources, par r\u00e9alisation (dollars des \u00c9tats-Unis) Indicateur 1.3.b : la version finale d\u2019un projet de cadre r\u00e9glementaire est achev\u00e9e et pr\u00eate \u00e0 \u00eatre adopt\u00e9e Niveau de r\u00e9f\u00e9rence (2022) : non Niveau cible (2027) : oui Source des donn\u00e9es, fr\u00e9quence de la collecte : rapports du PNUD, lois Produit 1.4 : Les capacit\u00e9s institutionnelles en mati\u00e8re de pr\u00e9vention et de gestion des risques majeurs et les m\u00e9canismes financiers servant \u00e0 att\u00e9nuer l\u2019impact de ces risques sont renforc\u00e9s Indicateur 1.4.a : Nombre d\u2019institutions dont les capacit\u00e9s ont \u00e9t\u00e9 renforc\u00e9es Niveau de r\u00e9f\u00e9rence (2022) : 0 Niveau cible (2026) : au moins 2 Source des donn\u00e9es, fr\u00e9quence de la collecte : rapports du PNUD, donn\u00e9es officielles, Conseil national des assurances 2 2 - 2 7 8 7 2 1 3 / 1 9 / D P D C P D Z A / 4 / / D P D C P D Z A / 4 / Priorit\u00e9 ou objectif du pays : Objectifs de d\u00e9veloppement durable n os 1, 2, 5, 8, 9 et 12 R\u00e9alisation 1 \u00e9nonc\u00e9e dans le Plan-cadre de coop\u00e9ration faisant intervenir le PNUD : La population, y compris les personnes vivant en situation de vuln\u00e9rabilit\u00e9, b\u00e9n\u00e9ficie des conditions n\u00e9cessaires au d\u00e9veloppement d\u2019une \u00e9conomie plus r\u00e9siliente et diversifi\u00e9e en s\u2019appuyant sur un environnement favorable \u00e0 l\u2019investissement et au d\u00e9veloppement des entreprises durables cr\u00e9atrices de valeurs ajout\u00e9es et g\u00e9n\u00e9ratrices d \u2019emplois d\u00e9cents. R\u00e9alisation correspondante du plan strat\u00e9gique : 1 (La transformation structurelle) Montant indicatif des ressources, par r\u00e9alisation (dollars des \u00c9tats-Unis) Ressources ordinaires : 700 000 dollars Autres ressources : 7 370 000 dollars Indicateurs de r\u00e9alisation, niveaux de r\u00e9f\u00e9rence et niveaux cibles Source des donn\u00e9es, fr\u00e9quence de la collecte et entit\u00e9 responsable Produits indicatifs (indicateurs, niveaux de r\u00e9f\u00e9rence et niveaux cibles) Principaux partenaires ou cadres de partenariat Office national des statistiques (ONS) Agence nationale de l\u2019emploi (ANEM) ONS ANEM ONS Direction g\u00e9n\u00e9rale des douanes Banque d\u2019Alg\u00e9rie ONS Centre national du registre du commerce Proportion de jeunes (15-24 ans) non scolaris\u00e9s et n\u2019ayant pas d\u2019emploi ou de formation, ventil\u00e9e par sexe (indicateur national 8.6.1 relatif aux objectifs de d\u00e9veloppement durable) Niveaux de r\u00e9f\u00e9rence : global : 26,2 % (2019) ; femmes : 32,1 % (2019) hommes : 20,4 % (2019) Niveaux cibles : global : 22 % ; femmes : 27 % ; hommes : 17 % Taux de ch\u00f4mage Niveaux de r\u00e9f\u00e9rence : global : 9,1 % (2019) ; femmes : 20,4 % (2019) hommes : 11,4 % (2019) ensemble des jeunes (16-24 ans) : 23,6 % (2019) jeunes femmes (16-24 ans) : 45,1 % (2019) jeunes hommes (16-24) : 26,9 % (2019) Niveaux cibles : femmes : 17 % ; ensemble des jeunes : 20 % ; jeunes femmes : 38 % ; jeunes hommes : 22 % Produit 2.1 : Les institutions nationales sont mieux \u00e0 m\u00eame d\u2019anticiper les besoins en comp\u00e9tences du march\u00e9 du travail et d\u2019y r\u00e9pondre ainsi que de soutenir la transition vers le travail d\u00e9cent, en particulier pour les femmes et les jeunes. Indicateur 2.1.a : Nombre d\u2019institutions nationales dont les capacit\u00e9s de promouvoir l\u2019emploi inclusif et durable ont \u00e9t\u00e9 renforc\u00e9es Niveau de r\u00e9f\u00e9rence (2022) : 5 Niveau cible (2027) : au moins 9 Source des donn\u00e9es, fr\u00e9quence de la collecte : rapports du PNUD Produit 2.2 : Les institutions et les entreprises (microentreprises et petites et moyennes entreprises) ont renforc\u00e9 leurs capacit\u00e9s de d\u00e9velopper les secteurs prometteurs de mani\u00e8re durable. Indicateur 2.2.a : nombre de microentreprises et petites et moyennes entreprises ayant b\u00e9n\u00e9fici\u00e9 de programmes de renforcement des capacit\u00e9s Niveau de r\u00e9f\u00e9rence (2022) : 32 Niveau cible (2027) : 382 Gouvernement : Minist\u00e8re du travail, Minist\u00e8re de la formation professionnelle, Minist\u00e8re du commerce, Minist\u00e8re de l\u2019int\u00e9rieur, Minist\u00e8re des affaires \u00e9trang\u00e8res, Minist\u00e8re des finances, Minist\u00e8re de l\u2019agriculture, Minist\u00e8re de la p\u00eache, Minist\u00e8re de l\u2019industrie, Minist\u00e8re de l\u2019environnement, Minist\u00e8re de la transition \u00e9nerg\u00e9tique, Minist\u00e8re de l\u2019enseignement sup\u00e9rieur, Minist\u00e8re des start-ups, Minist\u00e8re de la poste et des t\u00e9l\u00e9communications, Minist\u00e8re du tourisme, Minist\u00e8re de la jeunesse Banque centrale, Agence nationale des d\u00e9chets, Agence nationale pour le soutien et le d\u00e9veloppement de l\u2019entrepreneuriat, Conservatoire national des formations \u00e0 l\u2019environnement, Autorit\u00e9 de r\u00e9gulation de la poste et des communications \u00e9lectroniques, chambres de commerce et d\u2019industrie Centre du commerce international, FAO, OIT, Organisation mondiale de la propri\u00e9t\u00e9 intellectuelle Soci\u00e9t\u00e9 civile : Universit\u00e9 des sciences et de la technologie Houari- Boumediene, Universit\u00e9 Mouloud Mammeri de Tizi-Ouzou, associations CapDel, Sidra (Association pour le d\u00e9veloppement des jeunes), CirculeR, coop\u00e9ratives, 1 4 / 1 9 2 2 - 2 7 8 7 2 Indicateurs de r\u00e9alisation, niveaux de r\u00e9f\u00e9rence et niveaux cibles Source des donn\u00e9es, fr\u00e9quence de la collecte et entit\u00e9 responsable Produits indicatifs (indicateurs, niveaux de r\u00e9f\u00e9rence et niveaux cibles) Principaux partenaires ou cadres de partenariat Montant indicatif des ressources, par r\u00e9alisation (dollars des \u00c9tats-Unis) organisations professionnelles, Torba (collectif pour l\u2019agro\u00e9cologie) Secteur priv\u00e9 : op\u00e9rateurs de t\u00e9l\u00e9phonie mobile, banques, organisations de producteurs, incubateurs, BBC Media Action Institutions financi\u00e8res internationales : Banque africaine de d\u00e9veloppement, Soci\u00e9t\u00e9 financi\u00e8re internationale, Banque mondiale Donateurs : Gouvernements de l\u2019Allemagne, de la Belgique, de la France, de l\u2019Italie, du Japon, des Pays-Bas et du Royaume-Uni ; FEM, Union europ\u00e9enne Autres : Agence espagnole de la coop\u00e9ration internationale pour le d\u00e9veloppement, Agence fran\u00e7aise de d\u00e9veloppement Source des donn\u00e9es, fr\u00e9quence de la collecte : donn\u00e9es sectorielles, rapports du PNUD Indicateur 2.2.b : Nombre de structures institutionnelles locales sp\u00e9cialis\u00e9es dans l\u2019\u00e9conomie sociale et solidaire et l\u2019appui \u00e0 la cr\u00e9ation d\u2019emplois ayant \u00e9t\u00e9 soutenues Niveau de r\u00e9f\u00e9rence (2022) : 16 Niveau cible (2027) : 371 R\u00e9sultat 2.3 : Les jeunes entrepreneurs, femmes comme hommes, sont durablement inclus dans l\u2019\u00e9conomie gr\u00e2ce \u00e0 la promotion de l\u2019\u00e9conomie sociale et solidaire. Indicateur 2.2.b : Nombre de personnes, ventil\u00e9 par \u00e2ge et par sexe, ayant b\u00e9n\u00e9fici\u00e9 de solutions en faveur de leur inclusion financi\u00e8re. Niveau de r\u00e9f\u00e9rence (2022) : 3 040 (1 535 femmes et 1 505 hommes) Niveau cible (2027) : 4 640 Source des donn\u00e9es, fr\u00e9quence de la collecte : rapports du PNUD 2 2 - 2 7 8 7 2 1 5 / 1 9 / D P D C P D Z A / 4 / / D P D C P D Z A / 4 / Priorit\u00e9 ou objectif du pays : Objectifs de d\u00e9veloppement durable nos 1, 3, 5, 10 et 16 R\u00e9alisation 2 \u00e9nonc\u00e9e dans le Plan-cadre de coop\u00e9ration faisant intervenir le PNUD : La population b\u00e9n\u00e9ficie d\u2019institutions transparentes, redevables et efficaces qui garantissent leur participation et repr\u00e9sentation effective, l\u2019\u00e9tat de droit ainsi que la promotion des valeurs d\u2019inclusivit\u00e9 et de non-discrimination, y compris pour les personnes vivant en situation de vuln\u00e9rabilit\u00e9 R\u00e9alisation correspondante du plan strat\u00e9gique : 2 (Ne laisser personne de c\u00f4t\u00e9) Montant indicatif des ressources, par r\u00e9alisation (dollars des \u00c9tats-Unis) Ressources ordinaires : 1 000 000 dollars Autres ressources : 8 350 000 dollars Indicateurs de r\u00e9alisation, niveaux de r\u00e9f\u00e9rence et niveaux cibles Source des donn\u00e9es, fr\u00e9quence de la collecte et entit\u00e9 responsable Produits indicatifs (indicateurs, niveaux de r\u00e9f\u00e9rence et niveaux cibles) Principaux partenaires ou cadres de partenariat Indice de perception de la corruption Niveau de r\u00e9f\u00e9rence : 36/100 (2020) Niveau cible : \u00e0 d\u00e9terminer D\u00e9penses publiques primaires en proportion du budget initial approuv\u00e9, par secteur (ou par code budg\u00e9taire ou autre crit\u00e8re similaire) (indicateur 16.6.1 relatif aux objectifs de d\u00e9veloppement durable) Niveau de r\u00e9f\u00e9rence : 99.7983 (2019) Niveau cible : \u00e0 d\u00e9terminer Participation et repr\u00e9sentation \u00e0 tous les niveaux de la prise de d\u00e9cision (indicateur 16.7.1 relatif aux objectifs de d\u00e9veloppement durable) ; Repr\u00e9sentation des femmes au parlement ou au gouvernement Niveau de r\u00e9f\u00e9rence : Pourcentage de femmes d\u00e9put\u00e9es : 8,11 % (2021) Niveau cible : \u00e0 d\u00e9terminer Capacit\u00e9 des jeunes de prendre part \u00e0 la vie politique Niveau de r\u00e9f\u00e9rence : Pourcentage de jeunes (< 40 ans) d\u00e9put\u00e9s : 33,41 % (2021) Niveau cible : \u00e0 d\u00e9terminer Proportion de la population dont la derni\u00e8re exp\u00e9rience avec les services publics a \u00e9t\u00e9 satisfaisante (indicateur 16.6.2 relatif aux objectifs de d\u00e9veloppement durable) Niveau de r\u00e9f\u00e9rence : s.o. Classement de Transparency International Base de donn\u00e9es mondiale sur les objectifs de d\u00e9veloppement durable Produit 3.1 : Le cadre institutionnel pour la transparence et l\u2019application du principe de responsabilit\u00e9 et sa mise en \u0153uvre sont renforc\u00e9s, conform\u00e9ment aux objectifs de d\u00e9veloppement durable Base de donn\u00e9es mondiale sur les objectifs de d\u00e9veloppement durable Minist\u00e8re de la jeunesse et des sports, Minist\u00e8re de l\u2019int\u00e9rieur Minist\u00e8re de l\u2019int\u00e9rieur, Minist\u00e8re de la num\u00e9risation et des statistiques Minist\u00e8re des finances, Minist\u00e8re de la num\u00e9risation et des statistiques Indicateur 3.1.a : Nombre de textes r\u00e9glementaires \u00e9tablis au sujet de la transparence et de la lutte contre la corruption Niveau de r\u00e9f\u00e9rence (2022) : aucun Niveau cible (2026) : au moins 2 Source des donn\u00e9es, fr\u00e9quence de la collecte : publications officielles, rapports du PNUD. Indicateur 3.1.b : Nombre d\u2019institutions soutenues Niveau de r\u00e9f\u00e9rence (2021) : 1 Niveau cible (2026) : au moins 4 Source des donn\u00e9es, fr\u00e9quence de la collecte : m\u00e9morandums d\u2019accord, descriptifs de projet, rapports du PNUD Indicateur 3.1.c : Un plan d\u2019action pour le financement du d\u00e9veloppement est \u00e9tabli Niveau de r\u00e9f\u00e9rence (2021) : non Niveau cible (2026) : oui Gouvernement : Minist\u00e8re de l\u2019int\u00e9rieur, Minist\u00e8re des relations avec le parlement, Minist\u00e8re des finances, Minist\u00e8re de la justice, Minist\u00e8re de la sant\u00e9, Minist\u00e8re du travail, Minist\u00e8re de la formation, Minist\u00e8re de la solidarit\u00e9 Banque centrale, Assembl\u00e9e populaire nationale et Conseil de la nation, Cour des comptes, Inspection g\u00e9n\u00e9rale des finances, Office central de la r\u00e9pression de la corruption, Conseil national \u00e9conomique, social et environnemental, m\u00e9diateur de la R\u00e9publique Nations Unies : CNUCED, ONU- Femmes, PAM, UNICEF Soci\u00e9t\u00e9 civile : R\u00e9seau national d\u2019int\u00e9grit\u00e9, journalisme d\u2019investigation, laboratoires de recherche sp\u00e9cialis\u00e9s Institutions financi\u00e8res internationales : Banque islamique de d\u00e9veloppement Donateurs : Gouvernements des \u00c9tats-Unis, de la R\u00e9publique de Cor\u00e9e, du Royaume-Uni et de la Suisse, Union europ\u00e9enne, Fonds pour la consolidation de la paix Autres : Berghof Foundation, Folke Bernadotte Academy, Collaborative Learning Projects, Union interparlementaire, Organisation 1 6 / 1 9 2 2 - 2 7 8 7 2 Indicateurs de r\u00e9alisation, niveaux de r\u00e9f\u00e9rence et niveaux cibles Source des donn\u00e9es, fr\u00e9quence de la collecte et entit\u00e9 responsable Produits indicatifs (indicateurs, niveaux de r\u00e9f\u00e9rence et niveaux cibles) Principaux partenaires ou cadres de partenariat Montant indicatif des ressources, par r\u00e9alisation (dollars des \u00c9tats-Unis) Niveau cible : \u00e0 d\u00e9terminer Source des donn\u00e9es, fr\u00e9quence de la collecte : publications officielles, descriptifs de projet, rapports du PNUD mondiale des parlementaires contre la corruption, Centre d\u2019Oslo pour la gouvernance, Bureau de gestion des crises du PNUD Produit 3.2 : Les strat\u00e9gies sectorielles qui favorisent la participation effective des femmes et des jeunes et permettent d\u2019int\u00e9grer des m\u00e9canismes de coh\u00e9sion sociale dans la vie publique sont soutenues Indicateur 3.2.a : Nombre de strat\u00e9gies sectorielles soutenues Niveau de r\u00e9f\u00e9rence (2022) : 0 Niveau cible (2027) : au moins 2 Source des donn\u00e9es, fr\u00e9quence de la collecte : publications officielles, rapports du PNUD Produit 3.3 : Le d\u00e9veloppement local et la gouvernance sont renforc\u00e9s gr\u00e2ce \u00e0 un meilleur acc\u00e8s aux services et \u00e0 une diversification \u00e9conomique inclusive Indicateur 3.3.a : Nombre de communes aid\u00e9es Niveau de r\u00e9f\u00e9rence (2022) : 7 Niveau cible (2027) : 20 Source des donn\u00e9es, fr\u00e9quence de la collecte : documents officiels, rapports du PNUD Indicateur 3.3.b : Nombre d\u2019\u00e9tablissements de sant\u00e9 dont les capacit\u00e9s ont \u00e9t\u00e9 renforc\u00e9es Niveau de r\u00e9f\u00e9rence (2022) : 50 Niveau cible (2027) : au moins 70 2 2 - 2 7 8 7 2 1 7 / 1 9 / D P D C P D Z A / 4 / / D P D C P D Z A / 4 / Indicateurs de r\u00e9alisation, niveaux de r\u00e9f\u00e9rence et niveaux cibles Source des donn\u00e9es, fr\u00e9quence de la collecte et entit\u00e9 responsable Produits indicatifs (indicateurs, niveaux de r\u00e9f\u00e9rence et niveaux cibles) Principaux partenaires ou cadres de partenariat Montant indicatif des ressources, par r\u00e9alisation (dollars des \u00c9tats-Unis) Source des donn\u00e9es, fr\u00e9quence de la collecte : donn\u00e9es du PNUD relatives au programme, Minist\u00e8re de la sant\u00e9, de la population et de la r\u00e9forme hospitali\u00e8re, Minist\u00e8re de l\u2019industrie pharmaceutique Produit 3.4 : L\u2019acc\u00e8s \u00e0 la justice conform\u00e9ment \u00e0 l\u2019\u00e9tat de droit est renforc\u00e9 Indicateur 3.4.a : Nombre d\u2019activit\u00e9s de communication portant sur la Cour constitutionnelle men\u00e9es au profit de la population Niveau de r\u00e9f\u00e9rence (2021) : 3 Niveau cible (2027) : 4 Source : documents officiels (donn\u00e9es de la Cour constitutionnelle), rapports du PNUD Indicateur 3.4.b : Pourcentage de personnes d\u00e9tenues dot\u00e9es d\u2019un plan de r\u00e9int\u00e9gration standardis\u00e9 comprenant une strat\u00e9gie de sortie, ventil\u00e9 par sexe Niveau de r\u00e9f\u00e9rence (2022) : 0 Niveau cible (2027) : 40 % des hommes d\u00e9tenus et 40 % des femmes d\u00e9tenues Source des donn\u00e9es, fr\u00e9quence de la collecte : documents officiels, rapports du PNUD 1 8 / 1 9 2 2 - 2 7 8 7 2 Indicateurs de r\u00e9alisation, niveaux de r\u00e9f\u00e9rence et niveaux cibles Source des donn\u00e9es, fr\u00e9quence de la collecte et entit\u00e9 responsable Produits indicatifs (indicateurs, niveaux de r\u00e9f\u00e9rence et niveaux cibles) Principaux partenaires ou cadres de partenariat Montant indicatif des ressources, par r\u00e9alisation (dollars des \u00c9tats-Unis) Produit 3.5 : L\u2019efficacit\u00e9 des fonctions parlementaires est renforc\u00e9e, dans le respect de l\u2019\u00e9tat de droit Indicateur 3.5.a : Pourcentage de personnes titulaires d\u2019un si\u00e8ge au parlement national qui ont b\u00e9n\u00e9fici\u00e9 de cours de formation dispens\u00e9s par le PNUD Niveau de r\u00e9f\u00e9rence (2022) : 0 % Niveau cible (2027) : au moins 20 % Source : documents officiels (donn\u00e9es du parlement), rapports du PNUD Total Ressources ordinaires : 2 476 000 dollars Autres ressources : 24 770 000 dollars Total : 27 246 000 dollars 2 2 - 2 7 8 7 2 1 9 / 1 9 / D P D C P D Z A / 4 / "}