{"Code": "DZA-NEPro-2022-EN", "Status": null, "Country Name": "Algeria", "Country Code": "DZA", "Category": "NEPro", "KeyWord to Search": null, "Document Title": "Algeria\n Energy rofile", "Exists?": "Y", "Publication Date": "24th August, 2022", "Publication Year": "24th August, 2022", "Start Year": "2014", "End Year": "2022", "Language": "EN", "Link": "https://www.irena.org/-/media/Files/IRENA/Agency/Statistics/Statistical_Profiles/Africa/Algeria_Africa_RE_SP.pdf?country=Algeria&regionID=&countryID=132f2b7d-a9d0-4e26-85c8-476bcda948ba", "Content": "3% 2% 1% 0% -1% -2% -3% -4% -5% -6% -7% -8% 9 1 0 2 s n o i l l i m D S U 1.0 0.9 0.8 0.7 0.6 0.5 0.4 0.3 0.2 0.1 0.0 ENERGY PROFILE Algeria GDP per capita 8.1.1 Real GDP growth rate 7.3.1 Energy intensity COUNTRY INDICATORS AND SDGS 7.1.1 Access to electricity (% population) 7.1.2 Access to clean cooking (% population) 7.2.1 Renewable energy (% TFEC) 100% 95% 1.7% 11.2 12 12 12 11 11 11 11 11 10 10 P P P 7 1 0 2 s 0 0 0 D S U ' P P P 7 1 0 2 P D G D S U / J M 5.4 5.3 5.2 5.1 5.0 4.9 4.8 4.7 4.6 5.3 100% 80% 60% 40% 20% 0% 2015 2016 2017 2018 2019 2020 2015 2016 2017 0% 2018 2019 2020 2021 7.a.1 Public flows to renewables 7.b.1 Per capita renewable capacity 11.6.2 Air particulate matter (PM2.5) n o s r e p / W 18 16 14 12 10 8.0 6.0 4.0 2.0 0.0 0 15.5 ) 3 m / m \u03bc ( . 5 2 M P Urban Average 22.5 23.1 23.3 Rural 22.7 WHO safe 22.7 0.0 25 20 15 10 5 0 2015 2016 2017 2018 2019 2020 2015 2016 2017 2018 2019 2020 2021 2015 2016 2017 2018 2019 2020 TOTAL ENERGY SUPPLY (TES) Total Energy Supply (TES) Non-renewable (TJ) Renewable (TJ) Total (TJ) Renewable share (%) 2015 2 222 399 2 810 2020 2 384 922 4 081 2 225 208 2 389 004 0 0 Growth in TES Non-renewable (%) Renewable (%) Total (%) Primary energy trade Imports (TJ) Exports (TJ) Net trade (TJ) Imports (% of supply) Exports (% of production) Energy self-sufficiency (%) 2015-20 +7.3 +45.3 +7.4 2015 188 572 3 852 344 3 663 772 8 65 264 2019-20 -4.8 -6.3 -4.8 2020 53 143 3 150 243 3 097 100 2 57 231 Total energy supply in 2020 0% 0% 32% 68% Oil Gas Nuclear Coal + others Renewables Renewable energy supply in 2020 10% 1% 1% Hydro/marine Wind Solar Bioenergy Geothermal 88% RENEWABLE ENERGY CONSUMPTION (TFEC) Renewable TFEC trend Renewable energy consumption in 2020 Electricity Commercial heat Bioenergy Geothermal Solar direct 7 7 6 6 48% 52% ) J P ( s e l u o j a t e P 8 7 6 5 4 3 2 1 0 4 3 2015 2016 2017 2018 2019 2020 Consumption by sector Industry (TJ) Transport (TJ) Households (TJ) Other (TJ) 2015 731 30 699 1 558 2020 1 287 78 1 214 3 254 22% 1% 21% n.a. Industry Transport Households Other 56% Installed capacity trend Renewable capacity in 2022 ELECTRICITY CAPACITY Non-renewable Fossil fuels Renewable Hydro/marine Hydro/marine Bioenergy Solar 30 Wind Bioenergy Geothermal 25 Total ) 18 20 15 20 21 Capacity change (%) W Non-renewable G ( Renewable s t t Hydro/marine a w a Solar g G 10 Wind Bioenergy Geothermal 5 Total i Nuclear Wind Geothermal 25 22 25 950 599 129 460 10 0 0 26 550 25 26 98 Other Non-RE 2 Solar 0 Renewable share 2 0 0 0 80% 100 100% 27 2017-22 + 30 - 9 - 43 + 9 - 2 0 0 + 29 l 2021-22 ) % ( + 3.2 60% e r a + 2.0 h s e 0.0 b a w 40% + 2.7 e n e 0.0 R 0.0 0.0 + 3.2 20% 0 2% 0% 2015 2016 2017 2018 2019 2020 2021 2022 Net capacity change in 2022 (MW) Non-renewable Hydro and marine + 800 Solar Wind + 12 Bioenergy Geothermal 0 0 0 0 2% 22% 77% Hydro/marine Solar Wind Bioenergy Geothermal 3 2 2 1 1 0 - 1 Net capacity change (GW) Fossil fuels 2.3 Renewable 1.6 0.4 0.1 0.8 0.8 0.5 0.0 0.0 0.0 0.0 -0.1 2017 2018 2019 2020 2021 2022 Capacity utilisation in 2021 (%) 39% Fossil fuels Nuclear Hydro/Marine 1% Solar Wind 19% 13% Bioenergy Geothermal 0 20 40 60 80 100 ELECTRICITY GENERATION Generation in 2021 Non-renewable Renewable Hydro and marine Solar Wind Bioenergy Geothermal Total GWh 84 729 780 9 760 11 0 0 85 509 % 99 1 0 1 0 0 0 100 Per capita electricity generation (kWh) Total Renewable 2 500 2 000 1 500 1 000 500 0 Electricity generation trend Fossil fuels Hydro/marine Bioenergy Nuclear Wind Other Non-RE Solar Geothermal Renewable share 76 77 71 ) h W G ( s r u o h - t t a w a g G i 90 80 70 60 50 40 30 20 10 0 82 79 86 100% 80% 60% 40% 20% ) % ( e r a h s l e b a w e n e R 1% 0% 2016 2017 2018 2019 2020 2021 2016 2017 2018 2019 2020 2021 LATEST POLICIES, PROGRAMMES AND LEGISLATION 1 2 3 4 5 Creation of a High Energy Council Executive Decree 21-330,2021 First National Determined Contribution (NDC) Air conditioners and air-to-air multi-split heat pumps - Testing and determination of performance characteristics 2022 2021 2021 2019 2017 Energy-related CO2 emissions by sector Elec. & heat generation CO2 emissions in ENERGY AND EMISSIONS Elec. & heat Other Industrial Transport Other Buildings 200 0% 2% 98% Coal + others Gas Oil 2016 2017 2018 2019 2020 2021 Avoided emissions from renewable elec. & heat CO2 emission factor for elec. & heat generation Emitted CO2 RE Avoided CO2 DZA Africa World 4 000 3 500 3 000 ENERGY AND EMISSIONS h W G / 2 2 500 2 000 O C t 1 500 1 000 509 500 0.0 468 2016 2017 2018 2019 2020 2021 2016 2017 2018 2019 2020 2021 Avoided emissions based on fossil fuel mix used for power Calculated by dividing power sector emissions by elec. + heat gen. 150 100 s n o i s s i m E 2 O C t M 50 0.0 45 40 s n o i s s i m E 2 O C t M 35 30 25 20 15 10 5 0.0 #####0.0Mt CO2 RENEWABLE RESOURCE POTENTIAL Distribution of solar potential World Algeria Distribution of wind potential World Algeria 100% 80% 60% 40% 20% 0% a e r a d n a l f o n o i t r o p o r P a e r a d n a l f o n o i t r o p o r P 100% 80% 60% 40% 20% 0% <1.2 1.2 - 1.4 1.4 - 1.6 1.6 - 1.8 1.8 - 1.9 1.9 - 2.0 >2.0 <260 260-420 420-560 560-670 670-820 820-1060 >1060 Annual generation per unit of installed PV capacity (MWh/kWp) Wind power density at 100m height (W/m2) Biomass potential: net primary production Indicators of renewable resource potential 5 6 4 7 3 2 200 1 0.5 tC/ha/yr 0 11 8 9 10 = Global average of 3-4 tC/ha/yr Solar PV: Solar resource potential has been divided into seven classes, each representing a range of annual PV output per unit of capacity (kWh/kWp/yr). The bar chart shows the proportion of a country's land area in each of these classes and the global distribution of land area across the classes (for comparison). Onshore wind: Potential wind power density (W/m2) is shown in the seven classes used by NREL, measured at a height of 100m. The bar chart shows the distribution of the country's land area in each of these classes compared to the global distribution of wind resources. Areas in the third class or above are considered to be a good wind resource. Biomass: Net primary production (NPP) is the amount of carbon fixed by plants and accumulated as biomass each year. It is a basic measure of biomass productivity. The chart shows the average NPP in the country (tC/ha/yr), compared to the global average NPP of 3-4 tonnes of carbon Sources: IRENA statistics, plus data from the following sources: UN SDG Database (original sources: WHO; World Bank; IEA; IRENA; and UNSD); UN World Population Prospects; UNSD Energy Balances; UN COMTRADE; World Bank World Development Indicators; EDGAR; REN21 Global Status Report; IEA -IRENA Joint Policies and Measures Database; IRENA Global Atlas; and World Bank Global Solar Atlas and Global Wind Atlas. Additional notes: Capacity per capita and public investments SDGs only apply to developing areas. Energy self-sufficiency has been defined as total primary energy production divided by total primary energy supply. Energy trade includes all commodities in Chapter 27 of the Harmonised System (HS). Capacity utilisation is calculated as annual generation divided by year-end capacity x 8,760h/year. Avoided emissions from renewable power is calculated as renewable generation divided by fossil fuel generation multiplied by reported emissions from the power sector. This assumes that, if renewable power did not exist, fossil fuels would be used in its place to generate the same amount of power and using the same mix of fossil fuels. In countries and years where no fossil fuel generation occurs, an average fossil fuel emission factor has been used to calculate the avoided emissions. These profiles have been produced to provide an overview of developments in renewable energy in different countries and areas. The IRENA statistics team would welcome comments and feedback on its structure and content, which can be sent to statistics@irena.org. Last updated on: 8th August, 2023 IRENA Headquarters Masdar City P.O. Box 236, Abu Dhabi United Arab Emirates  "}