{"Code": "MKD-CPD-2021-EN", "Status": "Completed", "Country Name": "North Macedonia", "Country Code": "MKD", "Category": "CPD", "KeyWord to Search": null, "Document Title": "Country programme document for the Republic of North Macedonia (2021\u20132025)", "Exists?": "Y", "Publication Date": "1\u20134 February 2021", "Publication Year": "1\u20134 February 2021", "Start Year": "2021", "End Year": "2025", "Language": "EN", "Link": "https://digitallibrary.un.org/record/3896197/files/DP_DCP_MKD_4-EN.pdf?ln=en", "Content": "File Name: MKD-CPD-2021-EN\nYear: 2021\nCountry Name: North Macedonia\nCountry Code: MKD\nCategory: CPD\nDocument Title: Country programme document for the Republic of North Macedonia (2021\u20132025)\nExists?: Y\nPublication Date: 1\u20134 February 2021\nStart Year: 2021\nEnd Year: 2025\nLanguage: EN\n------------------------------------------------\n\n#I. UNDP within the United Nations Sustainable Development Cooperation \nFramework\n1. The Republic of North Macedonia is an upper-middle-income1country of 2.08 million,\nwith high human development.\nThe country has undergone considerable economic reform \nsince independence to develop an open economy and is about to open accession negotiations \nwith the European Union.\n2. The country experienced a significant decline in unemployment rates; income distribution \nis becoming more equal, but poverty rates are still high, at over 20 per cent; a further third of \nthe population is at risk of poverty.\nThe economy is stable, but performs below potential,\nwith low productivity, high inactivity5and few incentives for advanced technology adoption \nand innovation. This is due to weak state institutions, a deficient legal framework for \nbusiness, inconsistent law enforcement and accountability, and political instability.\n3. The country is ageing quickly. Out-migration and mismatch between education and market \nneeds create labour-force challenges. A quarter of gross domestic product (GDP) is spent on \nhealth, education and social protection, and outcomes are not commensurate.\nClimate change has led to frequent, intense flooding. Degradation of natural resources, poor air \nquality and inadequate waste management are additional impediments to sustainable \ndevelopment. The COVID-19 pandemic is expected to reduce real GDP by 5.4 per cent in \n2020, with a projected return to growth of 5.5 per cent in 2021.\n\n4. North Macedonia is a state party to 7 out of 9 core human rights treaties, and it is aligning \nlegislation and regulations with European Union and international standards, especially for \nwomen and girls, children, ethnic minorities \u2013 particularly Roma \u2013 persons with disabilities,\nand refugees.\nFor example, women\u2019s labour force participation is a third less than men\u2019s,10\nand women own just 12 per cent of agricultural land, while half of women landowners are \nnot active in land management.\n\n5. Four documents constitute a strategic vision for the country: (a) the national strategy for \nsustainable development; (b) the Government programme for 2020-2024; (c) the economic \nreform programme, and (d) the national plan for adoption of European Union acquis \ncommunautaire. Together, they aim for European Union accession, sustainable economic \ngrowth, and inclusive prosperity. Sectoral policies and plans emphasize dynamic and \ninclusive economic growth, high-quality health care, education and social protection, \nimproved governance, environmental protection and disaster risk reduction. \n6. The Government and the United Nations system are committed to three strategic priorities\nand four contributing outcomes in the United Nations Sustainable Development Cooperation \nFramework. Expected results address system weaknesses existing prior to the pandemic and \npromote accelerators to recover better, including investments in innovation, digitization, and \npublic-sector and community resilience to prepare for future shocks. The priorities and \noutcomes were identified and validated with national sector working groups comprising the \nGovernment, the United Nations system, civil society, the private sector, academia and \ndonors. Because of COVID-19, consultations done virtual, and the timeline was adjusted for \nparliamentary elections on 15 July 2020. Surveys were conducted to identify people\u2019s \npriorities for the future and factors driving out-migration.\n7. The goal of the Sustainable Development Cooperation Framework is a more prosperous, \ninclusive and resilient North Macedonia by 2030. Success will depend upon sustained and \ninclusive economic and social development (priority 1); enhanced climate action, natural \nresources and disaster risk management (priority 2); and more transparent and accountable \ngovernance (priority 3).\nThe UNDP country programme will contribute to all priorities, and \nthree of four outcomes.\n\n\n8. The country programme builds on the unique positioning of UNDP in the United Nations\nsystem. Comparative advantages are: (a) technical expertise, offering integrated and cross\u0002sectoral solutions and combining policy and regulatory advice with capacity development;\n(b) strong and agile operational presence; (c) established multi-stakeholder partnerships for\naction on priorities for European Union accession and the Sustainable Development Goals;\nand (d) trusted relations with all levels of government. UNDP will engage in United Nations\njoint programmes for integrated service provision, disability, climate change, air pollution, \nyouth, and gender equality.\n\n9. The UNDP integrator role in North Macedonia comprises thought leadership, a platform \napproach, and programmatic focus on innovation and resilience. These will be applied to \nFramework priorities and outcomes where UNDP has comparative advantage: \n(a) strengthening the effectiveness and accountability of institutions, particularly at \nmunicipal levels; (b) job creation; (c) green and inclusive economic development; and \n(d) facilitating citizen engagement in decision-making and climate action.\n10. Thought leadership. UNDP will apply modern data and analytics to join social, economic \nand environmental analysis to integrated approaches and developing scenarios that address \ncomplex development problems, such as COVID-19 recovery, air pollution, corruption, and \nout-migration.\n11. Platform approach. UNDP will convene multiple stakeholders \u2013 including start-ups, \naccelerators, international financial institutions and domestic banks \u2013 to develop sustainable \nsolutions for national challenges. Existing platforms for disaster risk management and city \ninnovation will be linked with regional and global knowledge and innovation networks.\n12. Innovation. UNDP will scale up programme innovations, including the Skopje Lab, the \nInnovation Hub, and platforms for disaster risk management and small and medium-sized\nenterprises. An Acceleration Lab \u2013 part of the global network \u2013 will offer world-class \nexpertise to addressing emerging policy areas such as the green, circular economy and the \ncare economy. UNDP will test new solutions to help businesses navigate the COVID-19 \neconomy and will inform government policies for creating sustainable, formal and green jobs.\n13. Resilience is a key theme of cooperation. It encompasses more effective, transparent \ngovernance and rule of law; strengthened social cohesion between citizens and the \nGovernment; increased decent employment and living standards; and a shift towards low\u0002emission development, sustainable use of natural resources and green jobs. As a technical \nlead in the socio-economic response to the pandemic, UNDP will work beyond conventional \nsector and ministry boundaries system, transformation and renewal helping the Government \nto navigate high levels of uncertainty.\n14. Based on the common country analysis and stakeholder consultations, there are three \nchallenges to which UNDP will bring strategic and value-added solutions to contribute to \nFramework priorities and outcomes.\n\n#Poverty and economic exclusion\n15. North Macedonia has made progress towards a market economy with greater trade \nopenness and private-sector development. However, the economy is composed of many small \nfirms that are slow to innovate; there is a large grey economy; and growth and productivity \nare insufficient to narrow the income gap with the European Union,\ndriving the young and \neducated to seek opportunities abroad.\nWomen, young people, Roma and ethnic minorities \nrisk being excluded from formal-sector jobs and prosperity.\nThis constitutes a major loss of \nproductivity and jeopardizes the economic future.\n\n16. UNDP will engage public and private stakeholders to invest in the business ecosystem \nwith a focus on entrepreneurship, enhanced value chains, and trade. UNDP will support \nbusinesses in navigating the economy as it recovers from the pandemic, including digital \ntransformation. Labour market challenges call for digital \u2018up-skilling\u2019 programmes. Under \nthe previous programme, UNDP demonstrated its effectiveness by supporting the creation of \nover 13,000 formal sector jobs and 12,000 new small businesses, accounting for 12 per cent\nof new companies registered during the period, and 10 new social services serving vulnerable \ngroups.\n\n#Climate change and natural resource management\n17. The common country analysis highlights significant climate change risks: land \ndegradation, food insecurity, floods, biodiversity loss, and damage to public infrastructure. \nDrinking water networks and irrigation facilities are in a state of disrepair. Waste \nmanagement is inadequate, with municipal waste being disposed of in 54 non-compliant \nmunicipal landfills.\nPower depends upon the burning of lignite in outdated generators \nproducing 70 per cent CO2 emissions19. Air pollution is responsible for about 2,600 deaths \nannually, with economic losses estimated at 3.2 per cent of GDP.\nThis highlights the critical \nenvironment-health nexus and the need for affordable, clean energy. Flooding accounts for \n50 per cent of natural disasters and 95 per cent of economic damage.\nThe country lacks a \nnational disaster-risk strategy in line with the Sendai Framework, and there are significant \nchallenges in complying with European Union legislation and standards.\n18. UNDP will strengthen policy frameworks and local capacities for climate change \nadaptation and mitigation; efficient management of ecosystem resources, especially water;\nand disaster risk reduction. This will contribute to reducing greenhouse gas emissions and \nincreasing coping capacities and rural livelihoods, boosting a green and resilient recovery \nfrom the pandemic. UNDP comparative advantages were illustrated by the Strumica river \nwatershed, which increased land under sustainable agriculture from almost nothing to \n360,000 hectares, and demonstrated capacities of national institutions to meet commitments \nunder the Paris Agreement with a national climate monitoring system. UNDP also \u201cbuilt back \nbetter\u201d 5 dams, 4 bridges, 22 km of roads, 102 km of riverbeds and channels, and areas \naffected by landslides.\n\n\n#Effective, people-centred governance and rule of law \n19. North Macedonia has grappled with improving overall governance of public/state \ninstitutions in terms of rule of law, transparency, voice and accountability.\nPolicymaking is \nexcessively centralized, business regulations are opaque, and civil society is marginal to \nservice delivery. There is a low level of trust in state institutions, particularly the judiciary. \nPublic concerns about corruption, expressed in recent perception surveys, exceed those about \nthe economy and jobs.\nDespite efforts to increase youth participation and volunteerism, too \nfew young people take part in civic activities.\nThese challenges reinforce inequities, with a \ndisproportionate impact on vulnerable groups. \n20. UNDP will support strategic planning, regulatory and oversight capacities at the central \nlevel, and municipal-level capacity development for analysis, decision-making, budgeting \nand execution. These changes will contribute to transparent and accountable governance and\nsocial cohesion, and will reaffirm government commitment to European Union accession and \nthe fundamentals for building trust and counteracting polarization. UNDP has demonstrated \nexpertise in strengthening municipal governance and capacities for economic development, \nservice delivery, and citizen participation in the context of ongoing decentralization.\n\n21. There are opportunities to support North Macedonia in scaling up effective solutions for \nEuropean Union accession and Sustainable Development Goals achievement: (a) readiness \nto reform public administration;\n(b) demands for quality services, highlighting the need for \ngreater municipal capacities, including inter-municipal cooperation and digital infrastructure; \n(c) interplay of non-communicable diseases and air pollution, illustrating the need for \nstronger environmental management and low-emission development; and (d) recognition of \npoverty in the northern regions, calling for more inclusive economic growth, with a focus on \nlocal, \u2018green\u2019 economic development and increased smallholder agricultural productivity. \nUNDP will play an integrator role in these areas to identify policy and programme solutions \nand take proven interventions to scale. \n22. Based upon lessons from programme cooperation,\nUNDP will: (a) strengthen the \nownership and sustainability of interventions with local governments and municipal councils,\nadvocating for greater revenue generating powers, increased staffing and administrative \ncapacity; (b) introduce responsible social contracting for service delivery by civil society \norganizations and the private sector; (c) enhance gender-responsive measures across all \nprogrammes; and (d) increase private sector and civil society engagement. \n\n\n#II. Programme priorities and partnerships\n23. The programme vision is for system transformation, leading to accelerated, more \ninclusive and greener economic growth. This will enable North Macedonia to prosper as a \ncohesive, inclusive society and converge with the European Union in terms of income and \nquality of life, especially for vulnerable groups.\n24. Three priorities for cooperation are aligned with the Framework and the UNDP Strategic \nPlan.\nIn line with the UNDP COVID-19 crisis response and recovery offer and the\nUnited Nations system strategy for North Macedonia, programme strategies integrate \npandemic response and recovery measures.\n\n25. Under priority 1, UNDP, with United Nations system partners (UNFPA, International \nLabour Organization, UN-Women, International Organization for Migration), will support \neconomic development that is risk-informed and inclusive:\n(a) UNDP will work with the Government and business-serving organizations to \nimplement policy and regulatory solutions for an enabling business environment. This \nwill accelerate the formation and growth of small and medium-sized enterprises and \nensure their inclusion in the formal sector. Digital transformation will lead to more \nresilient, productive businesses that can offer higher-quality jobs. UNDP will support \nthe \u2018greening\u2019 of value chains and ensure that the equity and gender dimensions of small \nbusiness in development policies and incentives are tailored to populations with specific \nvulnerabilities.\n(b) The \u2018skilling\u2019 system, including formal and non-formal technical and vocational \neducation and training , will be strengthened, with more engagement of the private sector \nand increased access to digital learning.\nUNDP will support new occupational \nstandards and curricula, and will pilot innovative employment support measures, \nespecially for women and people who lost jobs due to COVID-19.\n(c) UNDP will address exclusion and strengthen the targeting and delivery of quality \nsocial services, with a focus on persons with disabilities, Roma and young people. \nMechanisms and policy measures will enable higher activation rates for women and \nfamily members providing care services.\n26. These results will support government policy directions to increase productive \nemployment, raise living standards, and reform the education system.\n\n\n27. Under priority 2, UNDP, with United Nations system partners (Food and Agriculture \nOrganization, United Nations Office for Disaster Risk Reduction, UN-Women, World Health \nOrganization), will strengthen policies and implementation capacities for climate change\nadaptation and mitigation, management of ecosystem resources, and disaster risk reduction.\n(a) UNDP will work with the Government to strengthen legal, policy, and regulatory \nframeworks for effective environmental governance directed toward low-emission \ndevelopment and multi-sector resilience to climate change. UNDP will promote system \ntransformation pathways addressing society\u2019s relationship with nature, beyond the \nenvironment silo. This will integrate nationally determined contributions and adaptation \nplans into other sector plans and strategies for green finance and economy, urban planning \nand housing, health, agriculture, and land-use planning. \n(b) Solutions will be identified and scaled up for more efficient use of natural resources \nand enhanced protection of biodiversity, including improvements to farming systems in \nthe Prespa Lake area. Measures will be evidence-based and gender-sensitive, in line with \nEuropean Union Green Deal, energy and climate policies, and global environmental \nagreements. UNDP will assist the country in meeting its transparency and reporting \ncommitments under the United Nations framework on climate change and the Paris \nAgreement.\n(c) UNDP will support the preparation of integrated and data-informed disaster risk and \nrecovery plans. In line with the Sendai Framework,this entails capacity development to \nanalyse disaster risks, strengthen disaster risk governance, enhance disaster preparedness,\nand \u2018build back better\u2019.\n(d) UNDP will support the rural population in increasing sustainable agricultural \nproduction and farm incomes, focused on small-holders and especially female-headed \nhouseholds, through strengthened agriculture and rural development strategies and \npromotion of agri-business value chains.\n28. These results will support government policy directions to shift the energy sector to a \nlow-carbon development path and reduce air pollution.\n\n29. Under priority 3, UNDP, with United Nations system partners (Office of the United \nNations High Commissioner for Refugees, United Nations Children\u2019s Fund, UN-Women, \nOffice of the High Commissioner for Human Rights) will support more effective public \nadministration and transparent and accountable governance. \n(a) UNDP will work with governments at all levels, civil society, and private-sector \npartners to strengthen strategic planning, regulatory, and oversight capacities for \ntransparent policy design and budgeting. UNDP efforts will focus on effective fiscal \ndecentralization and enhanced public financial management, and will support \nimplementation and monitoring of anti-corruption laws. UNDP will support the \npreparation of gender-sensitive, risk-informed response and recovery measures that \nreach beyond the health sector to include municipalities and other sector stakeholders. \nThis will assist North Macedonia in preparing for future crises and pandemics. \n(b) UNDP will develop local government capacities for enhanced analysis, decision\u0002making, budgeting and execution, and measurement of policy outcomes. This will \ninclude the introduction of innovative digital technologies and mechanisms for inter\u0002municipal planning and pooling of resources to address regional and cross-boundary \nchallenges.\n(c) UNDP will support legal, policy and institutional reforms related to human rights \ncommitments.\nThis will strengthen rule of law, increase access to justice, create a \nstronger legal environment for civilsociety organizations, protect the rights of vulnerable \ngroups, and reduce barriers for gender equality and women\u2019s empowerment. \n30. These results will support government policy directions for more transparent and \naccountable decision-making, judicial reform, and a stronger enabling environment for civil \nsociety.\n\n31. The priorities for programme cooperation form a nexus of change and partnerships. These \nwill be expanded with digital outreach and platforms for consultation involving central and \nmunicipal governments; parliamentarians; civil society organizations; diverse community\u0002based groups, including women\u2019s rights and youth organizations; and the private sector,\nincluding business serving organizations; and financial institutions. Linkages between the \noutcomes: (a) efforts to stimulate small business development and increase business \nproductivity will depend upon effective governance reform; (b) governance reform, \nespecially for budget transparency, is essential in promoting low emission development and \nresilience to climate change; (c) preparedness for future health emergencies and pandemics \nwill benefit from UNDP experience in disaster risk reduction. For all priorities, UNDP will \nadvocate to address gaps in legislative and institutional frameworks related to international \ngender equality commitments.\n\n\n#III. Programme and risk management\n32. This country programme document outlines UNDP contributions to national results and \nserves as the primary unit of accountability to the Executive Board for results alignment and \nresources assigned to the programme at the country level. Accountabilities of managers at \nthe country, regional and headquarters levels with respect to country programmes is prescribed in the Programme and Operations Policies and Procedures and Internal Control \nFramework. \n33. The Harmonized Approach to Cash Transfers will be used in a coordinated fashion with \nother United Nations organizations to manage financial risks. The programme will be \nnationally executed under the coordination of the Ministry of Foreign Affairs. UNDP will \ncontinue to provide implementation support services at the request of the Government. If \nnecessary, national execution may be replaced by direct execution for part or all of the \nprogramme to enable response to force majeure. The Harmonized Approach will be used in \na coordinated fashion with other United Nations organizations to manage financial risks. Cost \ndefinitions and classifications for programme and development effectiveness will be charged \nto the concerned projects.\n34. UNDP will participate in Government-United Nations coordination mechanisms, \nincluding the Sustainable Development Cooperation Framework Joint Steering Committee. \nProgramme and project boards will be established in line with the Social and Environmental \nStandards and Accountability Mechanism. A partnerships and resource mobilization strategy \nwill be developed. New sources of finance will be identified, including blended finance and \nother flows for Sustainable Development Goals-related country priorities. Since North \nMacedonia is an upper-middle-income country, the Government will contribute 75 per cent \nof UNDP local office costs.\n\n35. Risks for programme cooperation are: (a) possible changes in the process and \nrequirements for European Union accession, and potential impasse around the economic \nreform programme; (b) unfavourable global economic and trade trends; (c) further \ndeterioration of public trust in the Government and disruptions to social cohesion; (d) major \ntalent and labour gaps created by population ageing and out-migration; and (e) natural \nhazards and insufficient institutional and local preparedness to respond. Each of these risks \nis worsened by the COVID-19 pandemic, with its strain on health systems, governance, \neconomy and society.\n36. Risk management will involve: (a) cross-sector coordination and partnerships;\n(b) impartial Sustainable Development Goals-based advocacy and policy dialogue; (c) cost\u0002sharing with government and alternative financing and funding options; (d) regular results \nmonitoring; and (e) review and updating of contingency plans for disasters and emergencies.\nIV. Monitoring and evaluation\n37. Monitoring and evaluation will be carried out based on the outcome and output indicators \nin the results and resources framework, aligned with indicators related to European Union\naccession and the national indicator framework for the Sustainable Development Goals. This \ndemonstrates a clear linkage between the support provided by UNDP, the Framework\noutcomes, and sustainable development results.\n38. Data for baselines and targets will be disaggregated by sex, area, income, and sub\u0002populations, especially vulnerable groups. The programme will reinforce innovative tools to \nmanage data collection and analysis at the country programme outcome and output levels.\n39. Good practices and lessons learned from national and international sources will shape \npolicy advice, advocacy, and project design and implementation. Evaluations will be pursued \nfor accountability and learning. Emphasis will be on national ownership and capacity \ndevelopment in evaluations. An independent evaluation of the country programme will be \nconducted in 2024.\n\n"}