{"Code": "NER-NEPro-2022-EN", "Status": "Completed", "Country Name": "Niger", "Country Code": "NER", "Category": "NEPro", "KeyWord to Search": null, "Document Title": "ENERGY PROFILE Niger", "Exists?": "Y", "Publication Date": "24th August, 2022", "Publication Year": "24th August, 2022", "Start Year": "2014", "End Year": "2022", "Language": "EN", "Link": "https://www.irena.org/-/media/Files/IRENA/Agency/Statistics/Statistical_Profiles/Africa/Niger_Africa_RE_SP.pdf?country=Niger&regionID=&countryID=e92b7b58-e7b3-4967-934e-e0fd070c3249", "Content": "File Name: NER-NEPro-2022-EN\nYear: 2022\nCountry Name: Niger\nCountry Code: NER\nCategory: NEPro\nDocument Title: ENERGY PROFILE Niger\nExists?: Y\nPublication Date: 24th August, 2022\nStart Year: 2014\nEnd Year: 2022\nLanguage: EN\n------------------------------------------------\n\nTotal Energy Supply (TES) 2014 2019\nNon-renewable (TJ) 29 898 34 362\nRenewable (TJ) 61 099 70 591\nTotal (TJ) 90 997 104 953\nRenewable share (%) 67 67\nGrowth in TES 2014-19 2018-19\nNon-renewable (%) +14.9 +30.3\nRenewable (%) +15.5 +3.9\nTotal (%) +15.3 +11.3\nPrimary energy trade 2014 2019\nImports (TJ) 5 039 6 259\nExports (TJ) 12 175 4 982\nNet trade (TJ) 7 136 - 1 277\nImports (% of supply) 6 6\nExports (% of production) 12 4\nEnergy self-sufficiency (%) 111 107\nCOUNTRY INDICATORS AND SDGS\nTOTAL ENERGY SUPPLY (TES)\nTotal energy supply in 2019\nRenewable energy supply in 2019\nNiger\n26%\n7%\n67%\nOil\nGas\nNuclear\nCoal + others\nRenewables\n0%\n100%\nHydro/marine\nWind\nSolar\nBioenergy\nGeothermal\n19%\n5%\n81%\n0%\n20%\n40%\n60%\n80%\n100%\n2014 2015 2016 2017 2018 2019 2020\n7.1.1 Access to electricity (% population)\n7.1.2 Access to clean cooking (% population)\n7.2.1 Renewable energy (% TFEC)\n52.7\n57.9 57.3 57.0 54.8 53.9\n0\n10\n20\n30\n40\n50\n60\n70\n2014 2015 2016 2017 2018 2019\nPM2.5\n(\u03bcm/m3\n)\nUrban Average Rural WHO safe\n11.6.2 Air particulate matter (PM2.5)\n1.2\n0%\n1.1\n1.1\n1.1\n1.1\n1.1\n1.2\n1.2\n1.2\n1.2\n1.2\n-1%\n0%\n1%\n1%\n2%\n2%\n3%\n3%\n4%\nUSD'000s 2017 PPP\nGDP per capita 8.1.1 Real GDP growth rate\n109\n0.0\n 20\n 40\n 60\n 80\n 100\n 120\n2014 2015 2016 2017 2018 2019\nUSD millions 2019\n7.a.1 Public flows to renewables\n7.3.1 Energy intensity\n5.0\n4.6\n4.8\n5.0\n5.2\n5.4\n5.6\n5.8\n2014 2015 2016 2017 2018 2019\nMJ/USD GDP 2017 PPP\n7.b.1 Per capita renewable capacity\n1.1\n0.0\n0.2\n0.4\n0.6\n0.8\n1.0\n1.2\n1.4\n2014 2015 2016 2017 2018 2019 2020\nW/ personn.a.\nConsumption by sector 2014 2019\nIndustry (TJ) 20 65\nTransport (TJ) 0 0\nHouseholds (TJ) 59 843 66 926\nOther (TJ) 10 102\nNon-renewable 353 93\nRenewable 27 7\n Hydro/marine 0 0\n Solar 27 7\n Wind 0 0\n Bioenergy 0 0\n Geothermal 0 0\nTotal 380 100\nCapacity change (%) 2016-21 2020-21\nNon-renewable + 37 0.0\nRenewable + 238 0.0\n Hydro/marine 0 0.0\n Solar + 238 0.0\n Wind 0 0.0\n Bioenergy 0 0.0\n Geothermal 0 0.0\nTotal + 43 0.0\nGeothermal\nCapacity utilisation in 2020 (%)\nRenewable TFEC trend Renewable energy consumption in 2019\n 0\nNet capacity change (GW)\nNet capacity change in 2021 (MW)\nELECTRICITY CAPACITY\n 0\nHydro and marine\nSolar\n 0\nBioenergy\n 0\nWind\n 0\n 0\nRenewable capacity in 2021\nNon-renewable\nInstalled capacity trend\n0%\n100%\n0%\nIndustry\nTransport\nHouseholds\nOther\n0.0\n0.1\n0.0\n0.0\n0.0 0.0 0.0 0.0\n0.0\n0.0 0.0 0.0\n0.0\n0.0\n0.0\n0.0\n0.0\n0.1\n0.1\n0.1\n0.1\n0.1\n2016 2017 2018 2019 2020 2021\nFossil fuels Renewable\n19%\n17%\n0 20 40 60 80 100\nGeothermal\nBioenergy\nWind\nSolar\nHydro/Marine\nNuclear\nFossil fuels\n100%\nHydro/marine\nSolar\nWind\nBioenergy\nGeothermal\n60 62 64\n53\n65 67\n 0\n 10\n 20\n 30\n 40\n 50\n 60\n 70\n 80\n2014 2015 2016 2017 2018 2019\nPetajoules (PJ)\nElectricity Commercial heat Bioenergy Geothermal Solar direct\n0.3 0.3 0.3\n0.3\n0.4\n0.4 0.4 0.4\n7%\n0%\n20%\n40%\n60%\n80%\n100%\n 0\n 0\n 0\n 0\n 0\n 0\n 0\n 0\n 0\n2014 2015 2016 2017 2018 2019 2020 2021\nRenewable share (%)\nGigawatts (GW)\nFossil fuels Nuclear Other Non-RE\nHydro/marine Wind Solar\nBioenergy Geothermal Renewable share\n1%\n99%Generation in 2020 GWh %\nNon-renewable 523 92\nRenewable 46 8\n Hydro and marine 0 0\n Solar 46 8\n Wind 0 0\n Bioenergy 0 0\n Geothermal 0 0\nTotal 569 100\n1\n2\n3\n4\n5\nAvoided emissions based on fossil fuel mix used for power Calculated by dividing power sector emissions by elec. + heat gen.\nLATEST POLICIES, PROGRAMMES AND LEGISLATION\nElectricity generation trend\nENERGY AND EMISSIONS\nEnergy-related CO2 emissions by sector Elec. & heat generation CO2 emissions in\nPer capita electricity generation (kWh)\nENERGY AND EMISSIONS\nAvoided emissions from renewable elec. & heat CO2 emission factor for elec. & heat generation \n 0\n 10\n 20\n 30\n 40\n2015 2016 2017 2018 2019 2020\nTotal Renewable\n0.0\n0.5\n 1\n 2\n 2\n 3\n 3\n2015 2016 2017 2018 2019 2020\nMt CO2 Emissions\nElec. & heat Other Industrial Transport Other Buildings\n50%\n0%\n50%\nCoal + others\nGas\nOil\n0.0\n0.1\n0.2\n0.3\n0.4\n0.5\n0.6\n0.7\n2015 2016 2017 2018 2019 2020\nMt CO2 Emissions\nEmitted CO2 RE Avoided CO2\n-48%\n798\n875\n0.0\n 200\n 400\n 600\n 800\n1 000\n1 200\n2015 2016 2017 2018 2019 2020\ntCO2 /GWh\nNER Africa World\n1\n1\n1\n1 1 1\n8%\n0%\n20%\n40%\n60%\n80%\n100%\n 0\n 0\n 1\n 1\n 1\n 1\n 1\n 1\n 1\n 1\n2015 2016 2017 2018 2019 2020\nRenewable share (%)\nGigawatt-hours (GWh)\nFossil fuels Nuclear Other Non-RE\nHydro/marine Wind Solar\nBioenergy Geothermal Renewable shareWorld World Niger\nBiomass potential: net primary production Indicators of renewable resource potential\n Niger\nDistribution of solar potential Distribution of wind potential\n0%\n20%\n40%\n60%\n80%\n100%\nProportion of land area\n<260 260-420 420-560 560-670 670-820 820-1060 >1060\nWind power density at 100m height (W/m2)\n200\n0\n1\n2\n3\n4\n5 6\n7\n8\n9\n10\n11\n0%\n20%\n40%\n60%\n80%\n100%\nProportion of land area\n<1.2 1.2 - 1.4 1.4 - 1.6 1.6 - 1.8 1.8 - 1.9 1.9 - 2.0 >2.0\nAnnual generation per unit of installed PV capacity (MWh/kWp)\n0.5\ntC/ha/yr\nSolar PV: Solar resource potential has been divided into seven classes, \neach representing a range of annual PV output per unit of capacity \n(kWh/kWp/yr). The bar chart shows the proportion of a country's land \narea in each of these classes and the global distribution of land area \nacross the classes (for comparison).\nOnshore wind: Potential wind power density (W/m2) is shown in the \nseven classes used by NREL, measured at a height of 100m. The bar chart \nshows the distribution of the country's land area in each of these classes \ncompared to the global distribution of wind resources. Areas in the third \nclass or above are considered to be a good wind resource.\nBiomass: Net primary production (NPP) is the amount of carbon fixed by \nplants and accumulated as biomass each year. It is a basic measure of \nbiomass productivity. The chart shows the average NPP in the country \n(tC/ha/yr), compared to the global average NPP of 3-4 tonnes of carbon \n= Global average of 3-4 tC/ha/yr\nIRENA Headquarters\nMasdar City\nP.O. Box 236, Abu Dhabi\nUnited Arab Emirates\nwww.irena.org\nSources: IRENA statistics, plus data from the following sources: UN SDG Database \n(original sources: WHO; World Bank; IEA; IRENA; and UNSD); UN World Population \nProspects; UNSD Energy Balances; UN COMTRADE; World Bank World Development \nIndicators; EDGAR; REN21 Global Status Report; IEA-IRENA Joint Policies and \nMeasures Database; IRENA Global Atlas; and World Bank Global Solar Atlas and Global \nWind Atlas.\nAdditional notes: Capacity per capita and public investments SDGs only apply to \ndeveloping areas. Energy self-sufficiency has been defined as total primary energy \nproduction divided by total primary energy supply. Energy trade includes all \ncommodities in Chapter 27 of the Harmonised System (HS). Capacity utilisation is \ncalculated as annual generation divided by year-end capacity x 8,760h/year. Avoided \nemissions from renewable power is calculated as renewable generation divided by \nfossil fuel generation multiplied by reported emissions from the power sector. This \nassumes that, if renewable power did not exist, fossil fuels would be used in its place \nto generate the same amount of power and using the same mix of fossil fuels. In \ncountries and years where no fossil fuel generation occurs, an average fossil fuel \nemission factor has been used to calculate the avoided emissions.\nThese profiles have been produced to provide an overview of developments in \nrenewable energy in different countries and areas. The IRENA statistics team would \nwelcome comments and feedback on its structure and content, which can be sent to \nstatistics@irena.org. \nLast updated on: 24th August, 2022 "}