{"Code": "NER-CPD-2022-EN", "Status": "Completed", "Country Name": "Niger", "Country Code": "NER", "Category": "CPD", "KeyWord to Search": null, "Document Title": "Country programme document for Niger (2023\u20132027)", "Exists?": "Y", "Publication Date": "29 August to 1 September 2022", "Publication Year": "29 August to 1 September 2022", "Start Year": "2023", "End Year": "2027", "Language": "EN", "Link": "https://digitallibrary.un.org/record/3982745/files/DP_DCP_NER_4-EN.pdf?ln=en", "Content": "File Name: NER-CPD-2022-EN\nYear: 2022\nCountry Name: Niger\nCountry Code: NER\nCategory: CPD\nDocument Title: Country programme document for Niger (2023\u20132027)\nExists?: Y\nPublication Date: 29 August to 1 September 2022\nStart Year: 2023\nEnd Year: 2027\nLanguage: EN\n------------------------------------------------\n\n#I. UNDP within the United Nations Sustainable Development \nCooperation Framework\n1. Niger, a low-income country located in the heart of the Sahel region along the Lake Chad \nBasin, is endowed with immense natural resources, including oil reserves that cover 90 per \ncent of its territory, but still marginally exploited. The country\u2019s development faces strong \nsocioeconomic, environmental and security constraints that impede its timely attainment of the \nSustainable Development Goals (SDGs). Governance challenges are rooted in unresolved \nhistorical inequalities and a weakened social contract, which leads to polarization in a context \nwhere only 13.6 per cent of the population has access to electricity for productive use.\n2. Multidimensional poverty affects 90.5 per cent of the country\u2019s population of 20 million, \nwith 83 per cent in rural areas, 78 per cent women and 70 per cent between the ages of 15 to \n24, who are not in employment, education or training.\nPersons with disabilities account for\n4.2 per cent of the population and are often subjected to stigma and exclusion in education, \nemployment and social protection. Globally, with a human development index of 0.394, Niger \nranks last among 189 countries, with the highest population growth at 3.9 per cent.\n\n3. The COVID-19 pandemic, the ongoing Russia-Ukraine war, rising insecurity along \nborderlands with neighbouring countries, and a poor 2021 crop season have aggravated the \nsocioeconomic and humanitarian situation. Security challenges cost the State 17 per cent and \n22.1 per cent of its budgetary resources in 2021 and 2022, respectively, severely constraining \ninvestments in the productive sector. Economic growth declined from 5.9 per cent in 2019 to \n1.3 per cent in 2021, with a 0.7 per cent contraction of gross domestic product at the tertiary \nlevel.\n\nImplementation of the African Continental Free Trade Area (AfCFTA) strategy presents \nundeniable opportunities to expand and diversify exports and economic partners, provided \npolitical stability is sustained to advance progress on national priorities.\n4. The country\u2019s Vision 2035, set out in its sustainable development and inclusive growth \nstrategy, aims to make Niger a well-governed, peaceful, emerging economy based on fair \nsharing of the fruits of progress. Recognizing that only eight years remain in the Decade of \nAction to achieve the SDGs, the Government has defined the national development priorities \nfor 2022-2026 around three main axes: (a) development of human capital, inclusion, and \nsolidarity capturing the demographic dividend and ensuring people-centred, equitable human \ndevelopment by addressing varied forms of structural and societal capacities at the subnational \nlevel to deliver basic services for all; (b) consolidation of governance, peace and security, \nstrengthening the capacities of national and local institutions, and legal and regulatory \nframeworks to assure efficiency, accountability, inclusivity and equity to provide quality \nservices to the population, especially in rural communities; and (c) structural transformation\nof the economy, strengthening the resilience to climate change through natural resource \nmanagement to ensure food security, renewable energy access and women\u2019s and youth \nempowerment for peace and development. These areas also form the backbone of the United \nNations Sustainable Development Cooperation Framework (UNSDCF).\n5. The UNSDCF places people at the centre of development in a bid to reach the 83 per cent \nof the rural population who are more vulnerable to poverty and insecurity and are left the \nfurthest behind in political representation, social and economic development, employment and \nsocial protection. The underlying strategy emphasizes building the resilience of people, \ninstitutions, and systems to deliver people-centred development. \n6. UNDP will support the United Nations system in achieving UNSDCF outcomes through \na two-pronged approach centred on the resilience of people and institutions. UNDP has a \nsuccessful track record supporting resilience as the lead United Nations organization in the\nLake Chad Basin Stabilization Facility in Niger, which has enhanced the resilience capacities \nof local authorities and communities in the Diffa region. Over 900,000 people in the most \nvulnerable districts, including youth and women, have benefitted from livelihoods support, \nfacilitating the return of 42,000 people to their places of origin and providing access to basic \nservices, including health centres, markets, police stations and solar energy in rural \ncommunities.\n\n7. UNDP comparative advantages stem from its strategic positioning, trust generated during \nprevious programming cycles, and ongoing investments at the central and decentralized levels\nto strengthen systems and policies, such as the development of national and subnational SDG\nplans, reforms for the modernization of the State, and electoral reform; strengthening the peace \nand security architecture, the Stabilization Facility, and rural development; reinforcing local \ngovernment institutions; and strengthening data collection and analysis to inform decision\u0002making on inequalities, violence against women and the impact of COVID-19.\n8. This UNDP strategic positioning, lauded by the Government and partners, has laid the \ngroundwork for: (a) resilient institutions, systems and communities; (b) conflict prevention, \npeacebuilding and social cohesion; (c) stabilization and search for innovative sustainable \nsolutions in areas affected by insecurity and climate change; (d) constructive policy dialogue \nand an operational coordination framework with the entire electorate, notably women and \nyouth, to capitalize on the achievements of the 2019-2021 electoral process and programme \ncycle.\n9. Given its decades-long experience supporting local governance in the hinterlands and key \nnational governance institutions, UNDP will expand its governance offer to help strengthen \nthe social contract between the people and the State, stabilize communities, and build\nresilience, particularly in borderlands and rural areas. UNDP will leverage its position in the \nUnited Nations country team to experiment and scale up innovation and integrated\ndevelopment solutions. \n10. Drawing lessons from the previous country programme, 2019-2022, UNDP will offer its \noperational and technical expertise to promote innovation in building the resilience of \ncommunities, systems and productive value chains. The subcontracting and fast-track \nmechanism, tested in the context of the COVID-19 response, will be consolidated to enable \naccess to risk areas and ensure diligent service delivery by optimizing operational costs in a \nfragile security context. UNDP will consolidate its leadership in the United Nations business operation strategy, supporting a coherent, harmonized, effective inter-agency approach.\n11. Through the UNSDCF, UNDP will help deliver integrated programming across the \nclimate-humanitarian-development-security nexus to deal with the multidimensional nature of \npoverty and inequality. UNDP will also use its experience leveraging international public \nfinance while unlocking private sector investment for the SDGs.\n\n\n#II. Programme priorities and partnerships\n12. The country programme is premised upon the theory that if marginalized populations \nobtain the benefits of participatory, inclusive, equitable, accountable and transparent \ngovernance and green economic growth; and if rural communities are well governed to\nsustainably manage natural resources, including land and energy access for risk-informed \nsustainable livelihood opportunities; and if the capacities of national and subnational \ninstitutions are enhanced, and policies and frameworks to boost resilient, inclusive \nsocioeconomic growth and accountability are operationalized, then national and subnational\ninstitutions will be capacitated to provide pro-poor, inclusive, equitable, efficient development \nsolutions and services; confidence in government systems will be improved, reducing public \ndiscontentment and vulnerability to conflicts; then people, institutions\u2019 and systems\u2019 resilience \nto shocks and climate hazards will be strengthened and jobs created, leading to transformative \nchange in rural communities, building social cohesion and addressing inter and intraregional \ninequalities.\n13. UNDP contribution to the UNSDCF, in line with national development priorities, will be \nachieved through two fundamental pillars: (a) structural transformation of the rural \nenvironment and climate change; and (b) governance, stabilization, peace and security. The programme therefore aims to help restore the population\u2019s trust in national structures, systems and institutions, i.e., the social contract, create the conditions for people to live in peace, be \nresilient to crises and shocks, and for internally displaced persons to return to their villages of \norigin safely and decently while benefitting from the positive impact of inclusive growth,\ndevelopment and shared prosperity.\n\n14. To implement these programme priorities, UNDP will develop technical partnerships with \nthe Government, United Nations, development partners, the private sector, and civil society \nand local communities. The strength of the United Nations system in Niger will be leveraged \nin the UNSDCF through which UNDP will deliver on shared outcomes with other United \nNations organizations in the two programme pillars. Priority areas (Lake-Chad-Basin, Liptako\u0002Gourma, Maradi, Dosso and Zinder) and the most vulnerable populations, including youth and \nwomen, will be targeted. UNDP will continue its strategic collaboration to mobilize technical \nand financial partners, as well as national resources, in support of socioeconomic development \ninitiatives and by leveraging the humanitarian-development-peace-climate nexus.\nMultisectoral and multidisciplinary ways of working, given the diverse opportunities in Niger\nand at its frontiers, will be integral to the programme. Lessons from the current country \nprogramme will inform scaled-up, tailored local solutions to encourage youth employment\n(boys and girls) by promoting innovation, digitalization and green jobs.\n15. UNDP will fulfil its facilitator of integrated solutions role, including the extension of the \nUnited Nations flagship regional stabilization strategy, by providing advisory and technical \nsupport to the Resident Coordinator and the country team. Stabilization, as a critical piece of \nthe humanitarian-development-peace-climate nexus will help realize rights and address needs, \nvulnerabilities, risks, and drivers/underlying causes of conflict over the long term. Every effort \nwill be deployed to cooperate, exchange information and coordinate with the United Nations\nhumanitarian and security country-level teamsto avoid duplication and achieve coherence with \nhumanitarian, development and security strategies.\n16. UNDP will provide thought leadership, advisory and technical support in other areas by: \n(a) creating integrated platforms to accelerate SDG achievement, including establishing an \nintegrated SDG database with UN-Info 2.0; (b) mobilizing SDG-financing innovative modes \nthrough the integrated national financing framework; (c) promoting data-driven integrated \ndevelopment solutions and strengthening national statistical systems and capabilities; \n(d) facilitating knowledge and technology transfer through South-South and triangular \ncooperation, including the accelerated community development programme (PADC); \n(e) providing a combination of high-level strategic advice and programmatic interventions,\nincluding to address the lingering effects of COVID-19; (f) continuing to mainstream conflict \nsensitivity, gender and human rights; and (g) managing knowledge and innovation and \ndeveloping strategic communication to mobilize and administer domestic, international, public \nand private resources.\n\n\n#Pillar 1: Rural transformation and climate change\n17. Under this pillar, UNDP, in collaboration with the United Nations Food and Agriculture \nOrganization (FAO), the United Nations Environment Programme (UNEP), the United \nNations Entity for Gender Equality and the Empowerment of Women (UN-Women) and the \nUnited Nations Office for Disaster Risk Reduction (UNDRR) will work to increase the \nresilience of people, households and communities, focusing on: (a) conserving ecosystems and \nnatural resources by engaging communities and creating decent jobs; (b) investing in resilient \nand environmentally sustainable livelihoods; (c) promoting good practices based on lessons \nlearned and UNDP comparative advantages to promote access to clean and affordable energy;\n(d) developing sustainable value chains and productive social safety nets; (e) effectively\nmobilizing funds for climate action, including green businesses and achieving the nationally \ndetermined contributions; (f) reducing disaster risk and adapting to climate change; \n(g) effectively implementing policies and strategies, including development planning and \nbudgeting that mainstream gender dimensions, promote local economies, and integrate the \nSDGs. The programme will prioritize rural communities, particularly borderlands with natural \nresources, to improve access to basic needs consistent with the sustainable development and \ninclusive growth strategy.\n\n18. In a context marked by vulnerability to climate change and strong pressures on natural \nresources that threaten the ecosystem and population\u2019s living conditions, UNDP will contribute \nto developing the capacities of national actors and to improving the management of natural \nresources by adopting best practices related to: (a) biodiversity protection; (b) ecosystem \nrestoration; (c) reduction of pressure on natural resources; and (d) natural disaster management. \nUNDP will ensure that international standards are applied and will prioritize interventions \nconsidering disaster risks and land conflicts related to natural resources sharing.\n19. For low-carbon production, preparation of local economic partnership strategies and \nexchange of innovative solutions in sustainable natural resources management will be key. \nUNDP will support sustainable, modern, competitive agricultural value chains, including \nadoption of international standards and smart production systems that protect natural resources\nand promote a green economy. UNDP will support South-South cooperation initiatives to \nencourage knowledge and best practice sharing. Partnerships established under international \nclimate change commitments will continue to leverage climate finance mechanisms, including \nthe Global Environment Facility (GEF), the Green Climate Fund (GCF), and the Private Sector \nWindow and the Adaptation Fund. UNDP will assist the Government in mobilizing climate \nresources and implementing regional initiatives and programmes. The off-grid electrification \nof communities with renewable energy sources will create sustainable livelihoods and \neconomic growth through innovative business models to also benefit youth and women.\n20. Based on current country programme successes, UNDP will foster dialogue and \ncollaborative partnerships on sustainable natural resources management with ministries \nresponsible for environment, agriculture, livestock, water resources, humanitarian action, \ndisaster management, and women and youth promotion in collaboration with FAO, UNEP and \nthe United Nations Capital Development Fund (UNCDF) on unlocking sources of private \nfinance. UNDP will support interventions to increase farming incomes and diversification of \nthe rural economy to reduce rural household vulnerability to climate change and natural \ndisasters. This growth must allow achievement of zero hunger by revitalizing traditional \nmethods of farming, particularly in rain-fed areas. PADC will respond to a pressing need from \nthe Government for the development of value chains, an export base, and the priorities of the \nmost vulnerable populations living in areas affected by socioeconomic, security, health and \nclimate shocks.\n21. UNDP will encourage development dialogue with Parliament, the private sector and civil \nsociety organizations (CSOs).\n22. UNDP will strengthen institutional and community capacities for disaster risk reduction \nand management in the post-COVID-19 recovery context. This will entail strengthening the \ninstitutional framework for disaster risk reduction and post-disaster recovery support; \nimproving national and local multi-risk early warning systems; and mapping risk areas and \ndamage assessment for better disaster management to achieve greater resilience and \nsustainable inclusive growth.\n23. These activities will be implemented through joint United Nations programmes and \nstrategic partnerships with international financing institutions, line ministries, local partners\nand CSOs, among others. They will aim to ensure creation of sustainable income-generating \nvalue chains, emphasizing UNDP comparative advantages in facilitating entrepreneurship, \nproduction, creating economic opportunities, and sustainably developing business skills to \nreduce economic disparities due to location, gender and age.\n24. To effectively plan responses and strengthen adaptive capacities of communities exposed \nto disasters and natural risks, a recovery plan based on thorough knowledge of risks and the \nprinciple of building back better will be key. Strategic partnerships with current partners will \nbe consolidated, and new partnerships with the World Bank and bilateral donors will be \ndeveloped.\n\n\n#Pillar 2: Governance (peace, security, stabilization)\n25. Under this pillar, UNDP prioritizes participatory, inclusive, equitable, accountable and \ntransparent governance. Major components are: (a) strengthening the legal, judicial and \nregulatory framework and its operationalization; (b) improving governance and operational \nsystems throughout the national territory of entities responsible for security, stabilization, \nsocial cohesion and peacebuilding; (c) consolidating national political institutions, including \nthe electoral management body to guarantee impartiality and accountability; (d) strengthening \ncentral and local governance for more efficiency, innovation and digitization, allowing for \ncompetent and harmonized management of development; (e) supporting trade regulation and \ncompetitiveness to leverage AfCFTA; and (f) increasing participation of youth, women and \npersons living with disabilities in conflict management mechanisms and decision-making \nbodies to fulfil their role in citizen control and oversight.\n26. In response to the national policy on modernization of government services for a more \neffective civil service and transformed State structure, UNDP will prioritize the security of \nterritories through a mutual security and civilian coordination mechanism and funding.\n27. To strengthen the rule of law, security, human rights and gender, UNDP will continue to \nwork with national counterparts to provide an integrated, gender, age and conflict-sensitive \nprogramme to strengthen the social contract and build peace. Pilot projects such as the \nStabilization Facility for Liptako-Gourma and the Lake-Chad-Basin, have laid the foundation \nto develop a national reintegration strategy for former members of non-state armed groups to \nstrengthen community resilience in Southern Maradi. UNDP will support interventions aimed\nat strengthening the peace and security architecture to enhance cross-border coordination and \nconflict-prevention mechanisms. These combined approaches improve security, strengthen \nsocial cohesion and contract, and provide sustainable socioeconomic opportunities for youth\nand women.\n28. A human rights-based approach that works with rights-holders and duty-bearers, and \ndraws on the principle of fulfilling economic, social and environmental rights, will underpin \nthe governance pillar. This includes integrating a gender and disability dimension into the \ndesign, implementation and monitoring of policies, as women and persons with disabilities are \nmore negatively affected by climate change, environmental degradation and crises due to food \ninsecurity, loss of livelihoods, and the resultant increase in domestic violence.\n29. UNDP will support national efforts to deepen impartiality, accountability, efficiency, \ninnovation and digitalization of political and legal institutions as well as local and central \nentities. UNDP will strengthen legal and regulatory frameworks in line with international \nnorms and standards. These objectives will be ensured by: (a) building capacity of the \npermanent Electoral Commission (CENI); (b) improving access to justice for vulnerable \npopulations by setting up legal clinics and building capacity of legal actors; (c) establishing a \nmultidimensional legal and administrative database for faster processing of legal cases; \n(d) improving detention conditions, living environments in prisons, and socioeconomic \nreintegration of former prisoners; (e) strengthening quality basic public services and ensuring\nbetter distribution and accessibility over the national territory using an integrated approach to \nimplementing regional and local planning; (f) strengthening the capacities of administrative\nactors and developing a PADC to promote grassroots development aligned with good \ngovernance; and (g) strengthening regional coordination to develop synergy between \nstakeholders.\n30. To contribute to improved national development management, UNDP will continue its \nstrategic support to and monitoring of the implementation of the national development plan, \nincluding the SDGs. Emphasis will be placed on post-COVID-19 economic recovery towards \nachieving green, inclusive, sustainable and integrated economic reconversion within the \nframework of implementing AfCFTA. A cross-cutting, participatory approach will be adopted \nto ensure national ownership to help scale up interventions and ensure achievement of expected \nresults based on catalytic interventions with lasting effects.\n\n#III. Programme and risk management\n31. This country programme document outlines UNDP contributions to national results and \nserves as the primary unit of accountability to the Executive Board for results alignment and \nresources assigned to the programme at country level. Accountabilities of managers at the \ncountry, regional and headquarter levels with respect to country programmes is prescribed in \nthe organization\u2019s programme and operations policies and procedures and the internal control \nframework.\n32. The programme will be nationally executed. If necessary, national execution may be \nreplaced by direct execution for part or all the programme to enable response to force majeure. \nThe harmonized approach to cash transfers (HACT) will be used in a coordinated fashion with \nother United Nations organizations to manage financial risks. Cost definitions and \nclassifications for programme and development effectiveness will be charged to the concerned \nprojects. \n33. UNDP will strengthen and adapt its technical, programmatic, operational and \norganizational capacities to ensure efficient delivery of the programme. Resources will be used \neffectively through financial management controls, a sound internal control framework and \nimproved cost recovery mechanisms.\n34. The programme and project steering and technical committees will enable national \npartners to fully take part in planning and management activities, ensuring full ownership of \nthe programme and the sustainability of results achieved. A portfolio approach will be \nprioritized to optimize project management and resources while promoting better integration \nof results. UNDP will collaborate with new partners such as universities, research institutes \nand private sector. To ensure the sustainability of changes, the roles and capacities of local \npartners and actors will be strengthened and prioritized, including their stronger involvement \nin the design phase.\n35. The programme is likely to encounter a range of interconnected risks, including security\nrisks such as increased violence in borderlands, social and political instability resulting from a \ndeterioration in the socioeconomic and political situations, marginalization, youth \nradicalization and gender-based violence, especially of women, with disruptive impact. UNDP \nwill increase coordination and continuous monitoring and surveillance with the United Nations \nDepartment of Safety and Security and through civil-military coordination. It will scale up\nearly warning systems in stabilization facilities which have proven effective for conflict \nsettings.\n36. Operational risks include UNDP internal processes and limited capacity of government \ninstitutions and national partners to swiftly implement programmes and apply HACT rules and \nprocedures. Financing risks due to the contraction of the global economy, resulting from \nCOVID-19 and the ongoing Russia-Ukraine war, will be mitigated through advocacy for \nincreased government cost-sharing and joint programming to do more with less.\nEnvironmental risks manifested in flooding, desertification and drought will be mitigated \nthrough early warning and by strengthening social and environmental-impact assessment \nmonitoring of oil mining companies.\n37. Regular monitoring will be carried out and risks assessed regularly to ensure effective \nimplementation of mitigation measures. Programme activities will apply the revised UNDP \nsocial and environmental standards to enhance programme quality and the enterprise risk \nmanagement policy to conduct regular quality assurance and risk assessments throughout the \nprogramme cycle. UNDP will contribute to implementing United Nations security \nrecommendations according to the results of the security risk assessment carried out by the \ncountry team. UNDP will rely on the risk control mechanism for early warning, information, \ncommunication and decision-making.\n38. UNDP will strengthen its strategies for knowledge management, partnerships, \ncommunication and resource mobilization, including diversifying its partnership base through \nstrategic innovative advocacy and regular engagement with donors and partners. UNDP will design and implement a strengthened quality assurance plan incorporating spot-checks, audits \nand targeted appropriate capacity-building to support national partners. All staff and non-staff, \nvendors, implementing partners and responsible parties will be sensitized on fraud/corruption \npolicy and related sanctions. Fraud and corruption risks will be fully and carefully considered \nin programme and project document design. Finally, the business continuity plan will be \nregularly updated and implemented drawing lessons from COVID-19 and its impact.\n\n#IV. Programme monitoring and evaluation\n39. An integrated monitoring and evaluation plan with indicators aligned with the UNDP \nStrategic Plan, 2022-2025, the UNSDCF, 2023-2027, and the Economic and Social \nDevelopment Plan (PDES), 2022-2026, will ensure continuous monitoring to inform decision\u0002making and to reach the programme\u2019s targets. The choice of performance indicators for the \nprogramme were informed by analyses and recommendations of various evaluations carried \nout during the current country programme.\n40. Programme indicators, disaggregated by sex and age to the extent possible, will be \nintegrated into the UNDP monitoring and knowledge-sharing system, as well as external \ncommunications for transparency, accountability, resource mobilization and visibility, \nincluding that of donors. UNDP will use adaptive management practices and proven innovative \ntools and methodologies, including online data collection mechanisms from beneficiaries and \nreal-time participatory monitoring. Various strategies and multimedia communication tools \nwill be used to share and promote results and to develop partnerships to strengthen advocacy \nactivities for development issues. Traditional and social media will be used to tailor \ncommunication products to specific audiences.\n41. Regular joint monitoring across outcomes will be undertaken as part of the UNSDCF joint \nworkplan through UNSDCF results groups\u2019 meetings, and through institutions responsible for\nimplementing the programme as well as beneficiary representatives.\n42. Evaluations will be conducted, in line with the UNDP evaluation policy and plan and for\nquality assurance, learning/knowledge management and adaptive programming, as agreed with \ndevelopment partners. An independent midterm evaluation will be carried out to inform \nimplementation of the programme and development of the subsequent country programme. \nMandatory project evaluations will be carried out as planned. UNDP will participate in United \nNations system-wide evaluations as part of UNSDCF obligations.\n43. At least 5 per cent of programme resources will be devoted to monitoring, evaluation and \ndata collection. Project quality assurance will be conducted as per the policy, and the gender \nmarker will be used to ensure that 60 per cent of all projects will be rated GEN-2 or GEN-3 \nand that at least 25 per cent of expenditure will be allocated to promote gender equality.\n44. In collaboration with other United Nations organizations, UNDP will continue to build the \nmonitoring and evaluation capacities of its partners, including the Government. Strategic \nsupport will be provided to strengthen the national economic and social development plan \nmonitoring and evaluation and national statistics systems, to improve the quality and \navailability of data and facilitate the targeting of programme beneficiaries.\n\n\n"}